emoji,count,description
🥰,9574,smiling_face_with_hearts
❤️,4763,red_heart
😂,4450,face_with_tears_of_joy
😍,2181,smiling_face_with_heart-eyes
❤,1998,red_heart
😁,1275,beaming_face_with_smiling_eyes
🤣,1239,rolling_on_the_floor_laughing
🔥,1085,fire
🇩🇿,948,Algeria
👍,915,thumbs_up
👏,783,clapping_hands
♥️,770,heart_suit
😳,596,flushed_face
👌,519,OK_hand
💪,513,flexed_biceps
😭,497,loudly_crying_face
😅,383,grinning_face_with_sweat
✨,372,sparkles
🥺,362,pleading_face
😏,336,smirking_face
😋,333,face_savoring_food
🤲,332,palms_up_together
💯,327,hundred_points
🌹,322,rose
🙏,285,folded_hands
♥,261,heart_suit
🤩,239,star-struck
😢,206,crying_face
💕,196,two_hearts
💖,196,sparkling_heart
⭐,195,star
🇲🇦,186,Morocco
🙂,186,slightly_smiling_face
💚,170,green_heart
🤔,157,thinking_face
😘,140,face_blowing_a_kiss
💗,139,growing_heart
☺️,136,smiling_face
💔,135,broken_heart
👑,126,crown
🤤,123,drooling_face
😉,117,winking_face
✌️,107,victory_hand
🤍,107,white_heart
😎,100,smiling_face_with_sunglasses
❣️,98,heart_exclamation
✅,97,check_mark_button
😻,94,smiling_cat_with_heart-eyes
😊,93,smiling_face_with_smiling_eyes
🤮,88,face_vomiting
💞,84,revolving_hearts
❌,75,cross_mark
💓,74,beating_heart
😱,74,face_screaming_in_fear
🥹,72,face_holding_back_tears
😮,71,face_with_open_mouth
🙄,71,face_with_rolling_eyes
🥲,71,smiling_face_with_tear
💀,67,skull
😇,65,smiling_face_with_halo
😡,60,enraged_face
🙃,58,upside-down_face
💙,58,blue_heart
🙌,55,raising_hands
😔,55,pensive_face
✌,53,victory_hand
😌,50,relieved_face
👌🏻,50,OK_hand_light_skin_tone
🖤,49,black_heart
😆,48,grinning_squinting_face
💝,48,heart_with_ribbon
🦋,46,butterfly
😜,43,winking_face_with_tongue
👍🏻,42,thumbs_up_light_skin_tone
🫡,41,saluting_face
🩷,41,pink_heart
😞,41,disappointed_face
😩,41,weary_face
💐,40,bouquet
🫶,40,heart_hands
😒,40,unamused_face
🫶🏻,39,heart_hands_light_skin_tone
🌷,39,tulip
😄,39,grinning_face_with_smiling_eyes
🤝,38,handshake
🌸,37,cherry_blossom
💜,37,purple_heart
🤗,36,smiling_face_with_open_hands
🥴,35,woozy_face
😃,35,grinning_face_with_big_eyes
👏🏻,33,clapping_hands_light_skin_tone
💋,32,kiss_mark
🇵🇸,32,Palestinian_Territories
👎,32,thumbs_down
👀,31,eyes
🤢,30,nauseated_face
🌺,30,hibiscus
🤪,28,zany_face
😥,27,sad_but_relieved_face
😑,27,expressionless_face
🙏🏻,26,folded_hands_light_skin_tone
💛,25,yellow_heart
🐌,25,snail
🎁,25,wrapped_gift
🤲🏻,25,palms_up_together_light_skin_tone
❤️‍🔥,24,heart_on_fire
🩵,24,light_blue_heart
⬆️,23,up_arrow
🤭,23,face_with_hand_over_mouth
🫠,23,melting_face
😫,23,tired_face
👋,22,waving_hand
😬,20,grimacing_face
🇹🇳,19,Tunisia
🤨,18,face_with_raised_eyebrow
🫣,17,face_with_peeking_eye
🥀,16,wilted_flower
🇮🇹,15,Italy
🎶,15,musical_notes
🍕,15,pizza
👌🏼,14,OK_hand_medium-light_skin_tone
💰,14,money_bag
🌟,14,glowing_star
🙈,13,see-no-evil_monkey
🍔,13,hamburger
🤦,13,person_facepalming
🎀,13,ribbon
💎,13,gem_stone
😐,13,neutral_face
😝,12,squinting_face_with_tongue
🎄,12,Christmas_tree
😀,12,grinning_face
☹️,11,frowning_face
☺,11,smiling_face
🤡,11,clown_face
💪🏻,11,flexed_biceps_light_skin_tone
🥵,11,hot_face
🕊,10,dove
💃,10,woman_dancing
🐟,10,fish
⚠️,10,warning
🤌🏻,10,pinched_fingers_light_skin_tone
🤎,10,brown_heart
⛔,10,no_entry
🫶🏼,10,heart_hands_medium-light_skin_tone
😵‍💫,9,face_with_spiral_eyes
😠,9,angry_face
🦞,9,lobster
🥳,9,partying_face
🥇,9,1st_place_medal
💶,9,euro_banknote
🤑,9,money-mouth_face
💪🏼,9,flexed_biceps_medium-light_skin_tone
✔️,9,check_mark
🧑‍🍳,9,cook
🌊,9,water_wave
👎🏻,9,thumbs_down_light_skin_tone
👜,8,handbag
🤦🏻‍♀️,8,woman_facepalming_light_skin_tone
😰,8,anxious_face_with_sweat
😲,8,astonished_face
🧐,8,face_with_monocle
👍🏼,8,thumbs_up_medium-light_skin_tone
😖,8,confounded_face
🙏🏼,8,folded_hands_medium-light_skin_tone
🫀,8,anatomical_heart
🏃‍♀️‍➡️,8,woman_running_facing_right
🏅,8,sports_medal
🍉,8,watermelon
❣,8,heart_exclamation
✌🏻,8,victory_hand_light_skin_tone
🏃🏻‍♀️,8,woman_running_light_skin_tone
🗿,7,moai
🪐,7,ringed_planet
💘,7,heart_with_arrow
♀️,7,female_sign
🐆,7,leopard
🐔,7,chicken
♂️,7,male_sign
⚡,7,high_voltage
😪,7,sleepy_face
🏃🏻‍♂️,7,man_running_light_skin_tone
🪬,7,hamsa
💫,7,dizzy
🕊️,7,dove
🏃,7,person_running
🤦🏻‍♂️,7,man_facepalming_light_skin_tone
🌙,7,crescent_moon
👏🏼,7,clapping_hands_medium-light_skin_tone
🌚,7,new_moon_face
😕,7,confused_face
🍀,7,four_leaf_clover
🍓,6,strawberry
🤐,6,zipper-mouth_face
😶,6,face_without_mouth
☝️,6,index_pointing_up
✝️,6,latin_cross
🏞,6,national_park
💩,6,pile_of_poo
🇨🇭,6,Switzerland
⤵️,6,right_arrow_curving_down
🦁,6,lion
🤓,6,nerd_face
🐊,6,crocodile
🤲🏼,6,palms_up_together_medium-light_skin_tone
🌮,6,taco
🍣,6,sushi
🎉,6,party_popper
📍,6,round_pushpin
♓,6,Pisces
🪷,5,lotus
🤦‍♀️,5,woman_facepalming
🦐,5,shrimp
🔻,5,red_triangle_pointed_down
😹,5,cat_with_tears_of_joy
🤯,5,exploding_head
⁉️,5,exclamation_question_mark
🧡,5,orange_heart
🧚‍♀️,5,woman_fairy
🤌,5,pinched_fingers
🪳,5,cockroach
🚶‍♀️‍➡️,5,woman_walking_facing_right
☕,5,hot_beverage
🦄,4,unicorn
🤬,4,face_with_symbols_on_mouth
🇺🇸,4,United_States
🌋,4,volcano
🤟,4,love-you_gesture
💵,4,dollar_banknote
👍🏾,4,thumbs_up_medium-dark_skin_tone
🍟,4,french_fries
😤,4,face_with_steam_from_nose
👉,4,backhand_index_pointing_right
🕺,4,man_dancing
🚚,4,delivery_truck
🙊,4,speak-no-evil_monkey
🤦🏼‍♀️,4,woman_facepalming_medium-light_skin_tone
❤️‍🩹,4,mending_heart
👎🏼,4,thumbs_down_medium-light_skin_tone
👍🏽,4,thumbs_up_medium_skin_tone
🤌🏼,4,pinched_fingers_medium-light_skin_tone
‼️,4,double_exclamation_mark
🌅,4,sunrise
🏝,4,desert_island
🔸,4,small_orange_diamond
🌿,4,herb
↖️,4,up-left_arrow
🌝,4,full_moon_face
👩‍❤️‍👩,4,couple_with_heart_woman_woman
🔱,4,trident_emblem
🇨🇵,4,Clipperton_Island
🤏,4,pinching_hand
👌🏽,4,OK_hand_medium_skin_tone
🇮🇱,4,Israel
🇲🇫,4,St._Martin
🥂,4,clinking_glasses
✖️,4,multiply
🪰,4,fly
🌄,4,sunrise_over_mountains
💅,4,nail_polish
🍰,4,shortcake
🚩,4,triangular_flag
↘️,4,down-right_arrow
👈,4,backhand_index_pointing_left
🐋,4,whale
🍜,3,steaming_bowl
💳,3,credit_card
🐙,3,octopus
🏳️‍🌈,3,rainbow_flag
🐚,3,spiral_shell
🫢,3,face_with_open_eyes_and_hand_over_mouth
🌼,3,blossom
🧜‍♀️,3,mermaid
💥,3,collision
😨,3,fearful_face
🐺,3,wolf
⌛,3,hourglass_done
🪴,3,potted_plant
🍯,3,honey_pot
🔮,3,crystal_ball
👌🏾,3,OK_hand_medium-dark_skin_tone
😓,3,downcast_face_with_sweat
🐠,3,tropical_fish
😷,3,face_with_medical_mask
💁‍♀️,3,woman_tipping_hand
🗣️,3,speaking_head
✈️,3,airplane
🙉,3,hear-no-evil_monkey
❗,3,red_exclamation_mark
➡️,3,right_arrow
🍸,3,cocktail_glass
🍹,3,tropical_drink
🕯️,3,candle
🌞,3,sun_with_face
🫧,3,bubbles
🥊,3,boxing_glove
🫦,3,biting_lip
🎵,3,musical_note
🇳🇬,3,Nigeria
🍗,3,poultry_leg
🙂‍↕️,3,head_shaking_vertically
🏆,3,trophy
🧸,3,teddy_bear
🙌🏻,3,raising_hands_light_skin_tone
🧚🏾‍♀️,3,woman_fairy_medium-dark_skin_tone
🍷,3,wine_glass
⚓,3,anchor
☠️,3,skull_and_crossbones
🙌🏼,3,raising_hands_medium-light_skin_tone
💸,3,money_with_wings
🐰,3,rabbit_face
🍑,3,peach
🍖,3,meat_on_bone
🐸,3,frog
🖖,3,vulcan_salute
🤛,3,left-facing_fist
🌻,3,sunflower
😮‍💨,3,face_exhaling
🍞,3,bread
🤧,3,sneezing_face
🤷🏻‍♀️,3,woman_shrugging_light_skin_tone
😈,3,smiling_face_with_horns
🤷‍♂️,3,man_shrugging
❎,3,cross_mark_button
🤫,3,shushing_face
🥱,3,yawning_face
🥗,2,green_salad
🥥,2,coconut
🤜,2,right-facing_fist
🦂,2,scorpion
👊🏼,2,oncoming_fist_medium-light_skin_tone
🪻,2,hyacinth
👊,2,oncoming_fist
👨🏻‍🍳,2,man_cook_light_skin_tone
🥷,2,ninja
🇪🇸,2,Spain
🧀,2,cheese_wedge
🍽️,2,fork_and_knife_with_plate
🍒,2,cherries
🚢,2,ship
🤴,2,prince
🔨,2,hammer
🌎,2,globe_showing_Americas
✋,2,raised_hand
❄️,2,snowflake
🎅🏻,2,Santa_Claus_light_skin_tone
🇱🇧,2,Lebanon
🇹🇷,2,Türkiye
♠,2,spade_suit
🍮,2,custard
🩺,2,stethoscope
🎊,2,confetti_ball
👸,2,princess
🧊,2,ice
🤷🏻,2,person_shrugging_light_skin_tone
👽,2,alien
◾,2,black_medium-small_square
🍄,2,mushroom
💨,2,dashing_away
🇸🇩,2,Sudan
🌴,2,palm_tree
🍋,2,lemon
🍎,2,red_apple
🤌🏽,2,pinched_fingers_medium_skin_tone
🍾,2,bottle_with_popping_cork
🤷‍♀️,2,woman_shrugging
🌍,2,globe_showing_Europe-Africa
🥑,2,avocado
🚨,2,police_car_light
🫶🏽,2,heart_hands_medium_skin_tone
🔷,2,large_blue_diamond
🔶,2,large_orange_diamond
💠,2,diamond_with_a_dot
🔞,2,no_one_under_eighteen
🍫,2,chocolate_bar
🌲,2,evergreen_tree
🌔,2,waxing_gibbous_moon
🔴,2,red_circle
☑️,2,check_box_with_check
✍️,2,writing_hand
📞,2,telephone_receiver
👅,2,tongue
🫩,2,face_with_bags_under_eyes
🐳,2,spouting_whale
⚜️,2,fleur-de-lis
🐻,2,bear
♊,2,Gemini
👺,2,goblin
🍅,2,tomato
🎩,2,top_hat
😣,2,persevering_face
👼🏼,2,baby_angel_medium-light_skin_tone
🦅,2,eagle
🌀,2,cyclone
😵,2,face_with_crossed-out_eyes
🐾,2,paw_prints
🤲🏿,2,palms_up_together_dark_skin_tone
🙆,2,person_gesturing_OK
🐬,2,dolphin
🪞,2,mirror
🦦,2,otter
📸,2,camera_with_flash
🤦‍♂️,2,man_facepalming
🧚🏻‍♂️,2,man_fairy_light_skin_tone
🐥,2,front-facing_baby_chick
⚖️,2,balance_scale
👻,2,ghost
🤳🏻,1,selfie_light_skin_tone
🫅,1,person_with_crown
🫂,1,people_hugging
🇧🇷,1,Brazil
🧷,1,safety_pin
🍛,1,curry_rice
🍲,1,pot_of_food
🥫,1,canned_food
🇺🇲,1,U.S._Outlying_Islands
🇲🇽,1,Mexico
💤,1,ZZZ
📌,1,pushpin
🤷🏽‍♂,1,man_shrugging_medium_skin_tone
🧪,1,test_tube
🥷🏽,1,ninja_medium_skin_tone
🫱🏽‍🫲🏼,1,handshake_medium_skin_tone_medium-light_skin_tone
🧿,1,nazar_amulet
🌈,1,rainbow
🏷,1,label
🎬,1,clapper_board
🃏,1,joker
🦚,1,peacock
🤙,1,call_me_hand
👗,1,dress
🧜🏼‍♀️,1,mermaid_medium-light_skin_tone
🏂,1,snowboarder
🌕,1,full_moon
🕋,1,kaaba
🤷,1,person_shrugging
🌓,1,first_quarter_moon
🕸️,1,spider_web
🏃‍♂️,1,man_running
🏃‍♂,1,man_running
🏳️,1,white_flag
🤚,1,raised_back_of_hand
⛱,1,umbrella_on_ground
🛶,1,canoe
🌛,1,first_quarter_moon_face
✍,1,writing_hand
🇦🇷,1,Argentina
🦾,1,mechanical_arm
🧚🏻‍♀️,1,woman_fairy_light_skin_tone
💅🏻,1,nail_polish_light_skin_tone
🤜🏽,1,right-facing_fist_medium_skin_tone
🤛🏽,1,left-facing_fist_medium_skin_tone
🇦🇪,1,United_Arab_Emirates
➡,1,right_arrow
🫤,1,face_with_diagonal_mouth
👋🏼,1,waving_hand_medium-light_skin_tone
😛,1,face_with_tongue
⛰,1,mountain
👧🏼,1,girl_medium-light_skin_tone
☁,1,cloud
🩳,1,shorts
🫴,1,palm_up_hand
📿,1,prayer_beads
🇯🇵,1,Japan
🙁,1,slightly_frowning_face
✊🏻,1,raised_fist_light_skin_tone
🇨🇩,1,Congo-Kinshasa
🌯,1,burrito
🐧,1,penguin
🎇,1,sparkler
🙌🏽,1,raising_hands_medium_skin_tone
🫵,1,index_pointing_at_the_viewer
✈,1,airplane
👉🏼,1,backhand_index_pointing_right_medium-light_skin_tone
🆒,1,COOL_button
⌚,1,watch
🇲🇿,1,Mozambique
🇪🇺,1,European_Union
🦍,1,gorilla
🙅🏻‍♀️,1,woman_gesturing_NO_light_skin_tone
🀄,1,mahjong_red_dragon
🧁,1,cupcake
🍴,1,fork_and_knife
🇹🇭,1,Thailand
🍝,1,spaghetti
🙅🏽,1,person_gesturing_NO_medium_skin_tone
😙,1,kissing_face_with_smiling_eyes
🔕,1,bell_with_slash
🤦🏽,1,person_facepalming_medium_skin_tone
🩹,1,adhesive_bandage
🦀,1,crab
🥋,1,martial_arts_uniform
🫰🏻,1,hand_with_index_finger_and_thumb_crossed_light_skin_tone
💪🏿,1,flexed_biceps_dark_skin_tone
🙏🏿,1,folded_hands_dark_skin_tone
🪵,1,wood
🪄,1,magic_wand
🩸,1,drop_of_blood
🪽,1,wing
🗽,1,Statue_of_Liberty
🦢,1,swan
⁉,1,exclamation_question_mark
🙂‍↔️,1,head_shaking_horizontally
🇸🇪,1,Sweden
🇪🇭,1,Western_Sahara
😴,1,sleeping_face
💣,1,bomb
🥡,1,takeout_box
🪫,1,low_battery
🤦‍♂,1,man_facepalming
🟢,1,green_circle
🧶,1,yarn
🥃,1,tumbler_glass
📢,1,loudspeaker
😯,1,hushed_face
🍆,1,eggplant
🔍,1,magnifying_glass_tilted_left
🙆🏻‍♂️,1,man_gesturing_OK_light_skin_tone
🚶,1,person_walking
🤦🏼‍♂️,1,man_facepalming_medium-light_skin_tone
🌶,1,hot_pepper
🇯🇲,1,Jamaica
🖐,1,hand_with_fingers_splayed
😧,1,anguished_face
🔒,1,locked
☂️,1,umbrella
🚛,1,articulated_lorry
🫖,1,teapot
😗,1,kissing_face
🆗,1,OK_button
🤷🏻‍♂️,1,man_shrugging_light_skin_tone
🙆🏻‍♀️,1,woman_gesturing_OK_light_skin_tone
😽,1,kissing_cat
🫵🏻,1,index_pointing_at_the_viewer_light_skin_tone
☘️,1,shamrock
🧃,1,beverage_box
🐼,1,panda
♐,1,Sagittarius
🐽,1,pig_nose
👹,1,ogre
☹,1,frowning_face
🍻,1,clinking_beer_mugs
🐴,1,horse_face
🐕,1,dog
🦎,1,lizard
💟,1,heart_decoration
⏳,1,hourglass_not_done
✊🏼,1,raised_fist_medium-light_skin_tone
🤦🏽‍♀️,1,woman_facepalming_medium_skin_tone
🚘,1,oncoming_automobile
🌪️,1,tornado
🦉,1,owl
🧕,1,woman_with_headscarf
🦆,1,duck
🦜,1,parrot
📱,1,mobile_phone
👾,1,alien_monster
🦭,1,seal
🥩,1,cut_of_meat
🥟,1,dumpling
🤥,1,lying_face
🫨,1,shaking_face
🛰️,1,satellite
↕,1,up-down_arrow
♿,1,wheelchair_symbol
☝,1,index_pointing_up
⬇️,1,down_arrow
🚀,1,rocket
📈,1,chart_increasing
🦠,1,microbe
🧌,1,troll
💴,1,yen_banknote
🧟,1,zombie
🫶🏾,1,heart_hands_medium-dark_skin_tone
🥖,1,baguette_bread
🌌,1,milky_way
🤦🏼‍♀,1,woman_facepalming_medium-light_skin_tone
🧚,1,fairy
🍃,1,leaf_fluttering_in_wind
🎧,1,headphone
😺,1,grinning_cat
🇨🇦,1,Canada
🥁,1,drum
🤷🏻‍♂,1,man_shrugging_light_skin_tone
⚪,1,white_circle
🔰,1,Japanese_symbol_for_beginner
🥪,1,sandwich
🌭,1,hot_dog
🏕,1,camping
👸🏻,1,princess_light_skin_tone
🥓,1,bacon
🇹🇹,1,Trinidad_&_Tobago
👄,1,mouth
🚌,1,bus
🙀,1,weary_cat
💪🏽,1,flexed_biceps_medium_skin_tone
🇧🇪,1,Belgium
🔝,1,TOP_arrow
☁️,1,cloud
🏴,1,black_flag
🥤,1,cup_with_straw
🟥,1,red_square
🌶️,1,hot_pepper
👇,1,backhand_index_pointing_down
🥕,1,carrot
🫏,1,donkey
🥶,1,cold_face
🫐,1,blueberries
🍢,1,oden
🥘,1,shallow_pan_of_food
🍿,1,popcorn
⛵,1,sailboat
🎸,1,guitar
📩,1,envelope_with_arrow
🎃,1,jack-o-lantern
🏄🏼‍♀️,1,woman_surfing_medium-light_skin_tone
🏹,1,bow_and_arrow
🪩,1,mirror_ball
🇦🇱,1,Albania
⛲,1,fountain
🐐,1,goat
🇪🇬,1,Egypt
🏝️,1,desert_island
🙏🏽,1,folded_hands_medium_skin_tone
🖥️,1,desktop_computer
📽️,1,film_projector
🦧,1,orangutan
🕸,1,spider_web
👃,1,nose
👂,1,ear
🚈,1,light_rail
😚,1,kissing_face_with_closed_eyes
🪥,1,toothbrush
🦷,1,tooth
🍩,1,doughnut
🍨,1,ice_cream
🎂,1,birthday_cake
🍦,1,soft_ice_cream
🥧,1,pie
🍧,1,shaved_ice
🦊,1,fox
🤘,1,sign_of_the_horns
🥞,1,pancakes
🐀,1,rat
