comment_id,platform,source_name,comment_text,date,likesCount,video_id,video_url,restaurant
7390399638929769221,tiktok,aniaa.hr,The worst experience ! Zéro professionnalisme,2026-01-24T13:38:52.292562,2,7390060319583784197,https://www.tiktok.com/@helena_restaurant/video/7390060319583784197,Helena
7401088432548659973,tiktok,jack2309,les tarifs varient entre ?!,2026-01-24T13:38:52.292726,1,7390060319583784197,https://www.tiktok.com/@helena_restaurant/video/7390060319583784197,Helena
7597594708118881046,tiktok,hamza_royale13,اميرة,2026-01-24T13:38:52.292730,0,7390060319583784197,https://www.tiktok.com/@helena_restaurant/video/7390060319583784197,Helena
7390331032022549253,tiktok,Boutique sarah,حسبتلي في فرنسا 😅,2026-01-24T13:38:52.292732,34,7390060319583784197,https://www.tiktok.com/@helena_restaurant/video/7390060319583784197,Helena
7390385980682175238,tiktok,Lyna,Le service est sympa mais la bouffe n’est pas bonne malheureusement,2026-01-24T13:38:52.292734,36,7390060319583784197,https://www.tiktok.com/@helena_restaurant/video/7390060319583784197,Helena
7391035316596097798,tiktok,Karim Mal,je connais j'ai été déçu des serveurs et aussi de la qualité de la bouffe pour le prix,2026-01-24T13:38:52.292735,5,7390060319583784197,https://www.tiktok.com/@helena_restaurant/video/7390060319583784197,Helena
7390352409601901318,tiktok,Louly💎,mon endroit préféré😍,2026-01-24T13:38:52.292737,2,7390060319583784197,https://www.tiktok.com/@helena_restaurant/video/7390060319583784197,Helena
7519830821701075734,tiktok,Moula,Frenchement je comprend pas les commentaires négatif moi c’était parfait tout été très bon et un service irréprochable je reviendrais ca c’est sure,2026-01-24T13:38:52.292738,1,7390060319583784197,https://www.tiktok.com/@helena_restaurant/video/7390060319583784197,Helena
7396323132070118149,tiktok,modelka,"Desolé mais si tout le monde se plaint de la bouffe, je ne me casserai pas la tête d'essayer",2026-01-24T13:38:52.292739,14,7390060319583784197,https://www.tiktok.com/@helena_restaurant/video/7390060319583784197,Helena
7390112042840179461,tiktok,🦋,J’ai pas aimé la bouffe mais le reste est parfait,2026-01-24T13:38:52.292741,39,7390060319583784197,https://www.tiktok.com/@helena_restaurant/video/7390060319583784197,Helena
7412231662149845765,tiktok,Akram,ALGERIA 🇩🇿🇩🇿🇩🇿,2026-01-24T13:38:52.292742,0,7390060319583784197,https://www.tiktok.com/@helena_restaurant/video/7390060319583784197,Helena
7391139862450062085,tiktok,Rasheeäl Beauty,0 Goût Malheureusement,2026-01-24T13:38:52.292743,1,7390060319583784197,https://www.tiktok.com/@helena_restaurant/video/7390060319583784197,Helena
7402524553447129861,tiktok,Sousou,Meziya Kayene les commentaries 😂,2026-01-24T13:38:52.292745,1,7390060319583784197,https://www.tiktok.com/@helena_restaurant/video/7390060319583784197,Helena
7407414028426199814,tiktok,هبة الله 🌷,serveur heta 3ayetlo bach dja ( w chafni mchi za3ma ma chafnich ) 😒,2026-01-24T13:38:52.292746,1,7390060319583784197,https://www.tiktok.com/@helena_restaurant/video/7390060319583784197,Helena
7392329102411580165,tiktok,sahiasahis xenalaguerriere,quel italien,2026-01-24T13:38:52.292748,0,7390060319583784197,https://www.tiktok.com/@helena_restaurant/video/7390060319583784197,Helena
7413664201351627526,tiktok,ابتسام,الله يبارك حطولنا الاسعار,2026-01-24T13:38:52.292749,1,7390060319583784197,https://www.tiktok.com/@helena_restaurant/video/7390060319583784197,Helena
7535001677456229142,tiktok,𝓦𝓪𝓼𝓼𝓲𝓵𝓪 ꨄ︎,Le serveur très gentil l’accueil très bien mais service long . Pancakes bof et cappuccino c’est pas vrmt ça. La brioche perdu aux fruits est bonne,2026-01-24T13:38:52.292750,0,7390060319583784197,https://www.tiktok.com/@helena_restaurant/video/7390060319583784197,Helena
7439845897188983607,tiktok,Garfield,j'ai pas aime c'est cher pour rien,2026-01-24T13:38:52.292752,1,7390060319583784197,https://www.tiktok.com/@helena_restaurant/video/7390060319583784197,Helena
7391134396302295813,tiktok,wiskass,la carte crédit qui pleure,2026-01-24T13:38:52.292754,0,7390060319583784197,https://www.tiktok.com/@helena_restaurant/video/7390060319583784197,Helena
7390386518480110342,tiktok,Hillel Trabelsi,Je viendrais pas oublie,2026-01-24T13:38:52.292755,0,7390060319583784197,https://www.tiktok.com/@helena_restaurant/video/7390060319583784197,Helena
7390183443140215557,tiktok,Enem’z,Pire resto j’ai pas aimé 😏,2026-01-24T13:38:55.014950,1,7390060319583784197,https://www.tiktok.com/@helena_restaurant/video/7390060319583784197,Helena
7404420796628632325,tiktok,faty,Mais C est très cher. 2 cafés et 2 gâteaux 1 petite bouteille d'eau à 2900 da,2026-01-24T13:38:55.014963,0,7390060319583784197,https://www.tiktok.com/@helena_restaurant/video/7390060319583784197,Helena
7395959346549834501,tiktok,Selsabil adventures,My favorite place 🥰,2026-01-24T13:38:55.014966,0,7390060319583784197,https://www.tiktok.com/@helena_restaurant/video/7390060319583784197,Helena
7415876532368999201,tiktok,Biskra-Tebessa🇩🇿voyages,J’y suis allé une super deco et la nourriture est très très bon. Merci à vous.,2026-01-24T13:38:55.014969,2,7390060319583784197,https://www.tiktok.com/@helena_restaurant/video/7390060319583784197,Helena
7391069967981429509,tiktok,𝒮𝓊𝒮𝓊 ᥫᩣ,C pas bon du tout,2026-01-24T13:38:55.014971,3,7390060319583784197,https://www.tiktok.com/@helena_restaurant/video/7390060319583784197,Helena
7391087002541835013,tiktok,أحلامــ,Sur tiktok et dans la vraie vie c pas la meme chose,2026-01-24T13:38:55.014974,1,7390060319583784197,https://www.tiktok.com/@helena_restaurant/video/7390060319583784197,Helena
7390885746146132741,tiktok,ahmed,Ou ça,2026-01-24T13:38:55.014977,0,7390060319583784197,https://www.tiktok.com/@helena_restaurant/video/7390060319583784197,Helena
7391009406265705222,tiktok,lyly832,les commentaires rien à voir madame 😅,2026-01-24T13:38:55.014980,0,7390060319583784197,https://www.tiktok.com/@helena_restaurant/video/7390060319583784197,Helena
7537066393243943702,tiktok,Kamka,Jai etait cest pas bon je suis desoler sans vouloir dénigrer mais il ne mont pas servie ce qui avait sur la description mais le serveur tres tres gentille,2026-01-24T13:38:55.014982,1,7390060319583784197,https://www.tiktok.com/@helena_restaurant/video/7390060319583784197,Helena
7407779652502848289,tiktok,Luciano Alg,les prix?,2026-01-24T13:38:55.014985,0,7390060319583784197,https://www.tiktok.com/@helena_restaurant/video/7390060319583784197,Helena
7419762847313347333,tiktok,Romi,le personnel n'est pas dutout professionnel malheureusement ils m'ont gâché mon jour d'anniversaire 😭,2026-01-24T13:38:55.014987,0,7390060319583784197,https://www.tiktok.com/@helena_restaurant/video/7390060319583784197,Helena
7390842975972426501,tiktok,Lamir Lari,après c'est le porte-monnaie qui va pleurer 😅,2026-01-24T13:38:55.014990,0,7390060319583784197,https://www.tiktok.com/@helena_restaurant/video/7390060319583784197,Helena
7461711665558995734,tiktok,saabmakeup,Ses ou ses a Oran ?,2026-01-24T13:38:55.014992,0,7390060319583784197,https://www.tiktok.com/@helena_restaurant/video/7390060319583784197,Helena
7432415624398471941,tiktok,oumaima oumi,non ...non. ce n'était pas bon .malheureusement,2026-01-24T13:38:55.014995,0,7390060319583784197,https://www.tiktok.com/@helena_restaurant/video/7390060319583784197,Helena
7416212341409121057,tiktok,SSIF,"Est ce que le cuistot a changé depuis l’été 2023 svp ? Parcqu’ en tte sincérité ça n’était pas bon du tout. Avec mon mari et nos 2 filles, ns avions pris 4 plats différents et tous étaient pas bons",2026-01-24T13:38:55.015000,1,7390060319583784197,https://www.tiktok.com/@helena_restaurant/video/7390060319583784197,Helena
7417022023204373281,tiktok,Zazy,les petits déjeuners sont bons le décor est vraiment très agréable.je valide 😍,2026-01-24T13:38:55.015003,1,7390060319583784197,https://www.tiktok.com/@helena_restaurant/video/7390060319583784197,Helena
7390141192794899206,tiktok,Dounia Radia720,J’y suis allée une fois ce n’était pas fameux,2026-01-24T13:38:55.015005,108,7390060319583784197,https://www.tiktok.com/@helena_restaurant/video/7390060319583784197,Helena
7396015607848321797,tiktok,bymanel,Merci de leur dir d etre plus accueillant plus rapid plus sympa,2026-01-24T13:38:55.015008,0,7390060319583784197,https://www.tiktok.com/@helena_restaurant/video/7390060319583784197,Helena
7391094180234445573,tiktok,Y,Beau mais pas bon…,2026-01-24T13:38:55.015010,0,7390060319583784197,https://www.tiktok.com/@helena_restaurant/video/7390060319583784197,Helena
7390727902353457926,tiktok,neila_dz1,C'était sympa et beau je reviendrai 🥰 bientôt,2026-01-24T13:38:55.023910,0,7390060319583784197,https://www.tiktok.com/@helena_restaurant/video/7390060319583784197,Helena
7390440540381037318,tiktok,Rose2024,hydra,2026-01-24T13:38:55.871724,0,7390060319583784197,https://www.tiktok.com/@helena_restaurant/video/7390060319583784197,Helena
7564160068071506710,tiktok,yass9393,"Super beau et très bon, je recommande",2026-01-24T13:38:55.871739,1,7390060319583784197,https://www.tiktok.com/@helena_restaurant/video/7390060319583784197,Helena
7410032732547695393,tiktok,cakesflowers__,"Bonjour, le service est très très long",2026-01-24T13:38:55.871742,0,7390060319583784197,https://www.tiktok.com/@helena_restaurant/video/7390060319583784197,Helena
7418268533279654662,tiktok,minab,désolé mais ce n'était pas bon,2026-01-24T13:38:55.871744,0,7390060319583784197,https://www.tiktok.com/@helena_restaurant/video/7390060319583784197,Helena
7390732268639240966,tiktok,Sara🇩🇿🩷,Le restaurant est beau mais c’est cher 🙂,2026-01-24T13:38:55.871747,1,7390060319583784197,https://www.tiktok.com/@helena_restaurant/video/7390060319583784197,Helena
7496994607978267414,tiktok,Yummi571,"C’était catastrophique… le pire restaurant que j’ai pu faire à Alger , les plats ( quand il y’en a )rien à voir avec les photos",2026-01-24T13:38:55.871750,0,7390060319583784197,https://www.tiktok.com/@helena_restaurant/video/7390060319583784197,Helena
7390262362932888325,tiktok,moh bourouni,j'aime bien sûr tout le service avec zaki et maria top 🥰,2026-01-24T13:38:55.871753,1,7390060319583784197,https://www.tiktok.com/@helena_restaurant/video/7390060319583784197,Helena
7402785756231992069,tiktok,HEDDI,ou,2026-01-24T13:38:55.871755,0,7390060319583784197,https://www.tiktok.com/@helena_restaurant/video/7390060319583784197,Helena
7428906752957039363,tiktok,Nouri,ik zit Arabisch eten,2026-01-24T13:38:55.871757,0,7390060319583784197,https://www.tiktok.com/@helena_restaurant/video/7390060319583784197,Helena
7407886840260657925,tiktok,Lamiss,parlez nous des prix,2026-01-24T13:38:55.871759,0,7390060319583784197,https://www.tiktok.com/@helena_restaurant/video/7390060319583784197,Helena
7415687730943214368,tiktok,User945603,J’y étais aussi pas terrible juste la deco instagramable,2026-01-24T13:38:55.871762,1,7390060319583784197,https://www.tiktok.com/@helena_restaurant/video/7390060319583784197,Helena
7390616967575274246,tiktok,Saad San120,c est chère et il n ya pas de goût sauf le beau décor,2026-01-24T13:38:55.871764,0,7390060319583784197,https://www.tiktok.com/@helena_restaurant/video/7390060319583784197,Helena
7408103126567453473,tiktok,L'inconnu,le Prix qui 🤔🤔🤔,2026-01-24T13:38:55.871767,0,7390060319583784197,https://www.tiktok.com/@helena_restaurant/video/7390060319583784197,Helena
7483179015529792278,tiktok,naylaaaa1810,Pizza carré,2026-01-24T13:38:55.871770,0,7390060319583784197,https://www.tiktok.com/@helena_restaurant/video/7390060319583784197,Helena
7538458042494321430,tiktok,by_amy,franchement c'est pas bon du tout je recommande pas,2026-01-24T13:38:55.871772,1,7390060319583784197,https://www.tiktok.com/@helena_restaurant/video/7390060319583784197,Helena
7390076743523156741,tiktok,❤️❤️,"Tout est bien, mais juste une petite remarque. Pourquoi parlez-vous en français il y en a des gens qui comprennent pas",2026-01-24T13:38:55.871775,35,7390060319583784197,https://www.tiktok.com/@helena_restaurant/video/7390060319583784197,Helena
7417736676951671557,tiktok,Dihya,"Même le nom du restaurant, « Helena », qu’ils prononcent ainsi pour lui donner une connotation occidentale😂😂",2026-01-24T13:38:55.871777,2,7390060319583784197,https://www.tiktok.com/@helena_restaurant/video/7390060319583784197,Helena
7500666335060787990,tiktok,thaisty.dz,Faites un petit tour chez nous 😉🙏🏻,2026-01-24T13:38:55.871780,0,7390060319583784197,https://www.tiktok.com/@helena_restaurant/video/7390060319583784197,Helena
7489136222997185302,tiktok,Welcome 🪫,@Nonchalante 🌍,2026-01-24T13:38:55.871783,0,7390060319583784197,https://www.tiktok.com/@helena_restaurant/video/7390060319583784197,Helena
7463541599218516741,tiktok,✨Sou🦋 سمية✨,@m. @𝐼𝑘𝑟𝑎𝑚🦩,2026-01-24T13:38:56.678802,1,7390060319583784197,https://www.tiktok.com/@helena_restaurant/video/7390060319583784197,Helena
7390472355082568453,tiktok,BM Système,@RãNøüçhā RânØ alors?,2026-01-24T13:38:56.678815,2,7390060319583784197,https://www.tiktok.com/@helena_restaurant/video/7390060319583784197,Helena
7547652150920315670,tiktok,nabillaslitni@gmail.com,❤❤❤❤❤❤❤❤❤❤❤❤❤❤,2026-01-24T13:38:56.678818,1,7390060319583784197,https://www.tiktok.com/@helena_restaurant/video/7390060319583784197,Helena
7521024790619325216,tiktok,Hosni S. 🇧🇪,😊,2026-01-24T13:38:56.678820,1,7390060319583784197,https://www.tiktok.com/@helena_restaurant/video/7390060319583784197,Helena
7588700181909603074,tiktok,ayaros94,❤,2026-01-24T13:38:56.678823,0,7390060319583784197,https://www.tiktok.com/@helena_restaurant/video/7390060319583784197,Helena
7587433383585399574,tiktok,user5671032401514,😁😁😁,2026-01-24T13:38:56.678825,0,7390060319583784197,https://www.tiktok.com/@helena_restaurant/video/7390060319583784197,Helena
7561367532793299734,tiktok,snowloulou14,🥰,2026-01-24T13:38:56.678828,0,7390060319583784197,https://www.tiktok.com/@helena_restaurant/video/7390060319583784197,Helena
7558903978873307926,tiktok,cha,😁😁😁,2026-01-24T13:38:56.678831,0,7390060319583784197,https://www.tiktok.com/@helena_restaurant/video/7390060319583784197,Helena
7557651161299878658,tiktok,Dora la Tripanné,😂😂😂,2026-01-24T13:38:56.678833,0,7390060319583784197,https://www.tiktok.com/@helena_restaurant/video/7390060319583784197,Helena
7535434168794202902,tiktok,Ilyes Ioualitene,❤️❤️❤️,2026-01-24T13:38:56.678835,0,7390060319583784197,https://www.tiktok.com/@helena_restaurant/video/7390060319583784197,Helena
7533603484449587990,tiktok,Gourmandise D and K,👍👍👍,2026-01-24T13:38:56.678838,0,7390060319583784197,https://www.tiktok.com/@helena_restaurant/video/7390060319583784197,Helena
7530704385518420758,tiktok,alexandra djimi,😂😂😂,2026-01-24T13:38:56.678840,0,7390060319583784197,https://www.tiktok.com/@helena_restaurant/video/7390060319583784197,Helena
7525174066421383968,tiktok,sunshine,😭,2026-01-24T13:38:56.678842,0,7390060319583784197,https://www.tiktok.com/@helena_restaurant/video/7390060319583784197,Helena
7524032210724586245,tiktok,Asmay,❤️❤️❤️,2026-01-24T13:38:56.678845,0,7390060319583784197,https://www.tiktok.com/@helena_restaurant/video/7390060319583784197,Helena
7514094477352600342,tiktok,Lana✨,🥰🥰🥰,2026-01-24T13:38:56.678847,0,7390060319583784197,https://www.tiktok.com/@helena_restaurant/video/7390060319583784197,Helena
7501037820045116215,tiktok,mostafa,🥰🥰🥰,2026-01-24T13:38:56.678849,0,7390060319583784197,https://www.tiktok.com/@helena_restaurant/video/7390060319583784197,Helena
7494268078894564118,tiktok,staifiya,😁😁😁,2026-01-24T13:38:56.678852,0,7390060319583784197,https://www.tiktok.com/@helena_restaurant/video/7390060319583784197,Helena
7486013275278066438,tiktok,painandgainDZ,😂😂😂,2026-01-24T13:38:56.678857,0,7390060319583784197,https://www.tiktok.com/@helena_restaurant/video/7390060319583784197,Helena
7478496373358592823,tiktok,Ninaa,😁,2026-01-24T13:38:56.678860,0,7390060319583784197,https://www.tiktok.com/@helena_restaurant/video/7390060319583784197,Helena
7474326954979083014,tiktok,vanisalisa,❤️,2026-01-24T13:38:56.678862,0,7390060319583784197,https://www.tiktok.com/@helena_restaurant/video/7390060319583784197,Helena
7469439798153003781,tiktok,koukita,🥺,2026-01-24T13:38:57.611773,0,7390060319583784197,https://www.tiktok.com/@helena_restaurant/video/7390060319583784197,Helena
7456110621651600150,tiktok,❤️N💍K❤️,👍👍👍,2026-01-24T13:38:57.611789,0,7390060319583784197,https://www.tiktok.com/@helena_restaurant/video/7390060319583784197,Helena
7445378844351382277,tiktok,dh_28h,😂,2026-01-24T13:38:57.611791,0,7390060319583784197,https://www.tiktok.com/@helena_restaurant/video/7390060319583784197,Helena
7437988346658390816,tiktok,latchitchi,😁,2026-01-24T13:38:57.611793,0,7390060319583784197,https://www.tiktok.com/@helena_restaurant/video/7390060319583784197,Helena
7435765802751902497,tiktok,nina🦋 🫶🇩🇿🫶,🥰🥰🥰,2026-01-24T13:38:57.611794,0,7390060319583784197,https://www.tiktok.com/@helena_restaurant/video/7390060319583784197,Helena
7435346081268417336,tiktok,Houyem,🥰🥰🥰,2026-01-24T13:38:57.611796,0,7390060319583784197,https://www.tiktok.com/@helena_restaurant/video/7390060319583784197,Helena
7432352768001868549,tiktok,🐈‍⬛,@nouha,2026-01-24T13:38:57.611797,0,7390060319583784197,https://www.tiktok.com/@helena_restaurant/video/7390060319583784197,Helena
7420379667725599493,tiktok,ا🇩🇿 لمرءة لحديدية نتاشا 🇩🇿,❤️❤️❤️❤️❤️❤️,2026-01-24T13:38:57.611799,0,7390060319583784197,https://www.tiktok.com/@helena_restaurant/video/7390060319583784197,Helena
7419591760500622086,tiktok,@Cmda_Managing officiel,❤❤❤,2026-01-24T13:38:57.611800,0,7390060319583784197,https://www.tiktok.com/@helena_restaurant/video/7390060319583784197,Helena
7419300964597564166,tiktok,yahiabra1,✨✨✨,2026-01-24T13:38:57.611801,0,7390060319583784197,https://www.tiktok.com/@helena_restaurant/video/7390060319583784197,Helena
7403403806329209605,tiktok,🎱,@𝑴𝒓𝒊𝒊.𝒂𝒎 ya meme de la bursts,2026-01-24T13:38:57.611803,0,7390060319583784197,https://www.tiktok.com/@helena_restaurant/video/7390060319583784197,Helena
7403116189653893894,tiktok,Oûm Mâmï,🥰🥰🥰🥰,2026-01-24T13:38:57.611804,0,7390060319583784197,https://www.tiktok.com/@helena_restaurant/video/7390060319583784197,Helena
7394602478471824133,tiktok,Le Passant,❤❤❤,2026-01-24T13:38:57.611805,0,7390060319583784197,https://www.tiktok.com/@helena_restaurant/video/7390060319583784197,Helena
7390126936426840838,tiktok,𝓝𝓸𝓾𝓼𝓼𝓪 🇩🇿⚘️,@Luna mess,2026-01-24T13:38:57.611807,0,7390060319583784197,https://www.tiktok.com/@helena_restaurant/video/7390060319583784197,Helena
7390076338475418374,tiktok,20 Février ♥️🥰,❤️❤️❤️❤️❤️,2026-01-24T13:38:57.611809,0,7390060319583784197,https://www.tiktok.com/@helena_restaurant/video/7390060319583784197,Helena
7390107007116706565,tiktok,samyhmt,Le pire resto d'alger,2026-01-24T13:38:57.611811,22,7390060319583784197,https://www.tiktok.com/@helena_restaurant/video/7390060319583784197,Helena
7518537409735754518,tiktok,Salima,Super endroit pour un brunch de qualité .endroit magnifique harchi propre.les plats sont juste exquis et ultra généreux.les serveurs très serviables et réactifs .je reviendrai sans hésiter,2026-01-24T13:38:57.611812,1,7390060319583784197,https://www.tiktok.com/@helena_restaurant/video/7390060319583784197,Helena
7463575037528261398,tiktok,hs,DE. GUEU. LASSE … je pèse mes mots !,2026-01-24T13:38:57.611815,0,7390060319583784197,https://www.tiktok.com/@helena_restaurant/video/7390060319583784197,Helena
7415944851000869664,tiktok,Imenouche.dz,Quand je lis les commentaires ça me donne pas envie d’y aller ! Malheureusement sur TikTok ils font de la pub à des resto qui sont pas top,2026-01-24T13:38:57.611816,0,7390060319583784197,https://www.tiktok.com/@helena_restaurant/video/7390060319583784197,Helena
7400353745563632390,tiktok,Younes,"c quoi se resto ou la bouffe est mauvaise avec un cadre aussi beau,je préfère mangé a la rue Tanger c pas beau mais c bon",2026-01-24T13:38:57.611818,0,7390060319583784197,https://www.tiktok.com/@helena_restaurant/video/7390060319583784197,Helena
7390862566015304453,tiktok,lovely S,🤪 juste pour prendre des photo insta c non la bouffe 😩 a revoir,2026-01-24T13:38:58.414539,0,7390060319583784197,https://www.tiktok.com/@helena_restaurant/video/7390060319583784197,Helena
7390834594679194373,tiktok,Cendrillon 🪭,"On y était et honnêtement c’était très bon , bon service , décor incroyable et prix abordable 👏🏻🌸",2026-01-24T13:38:58.414551,0,7390060319583784197,https://www.tiktok.com/@helena_restaurant/video/7390060319583784197,Helena
7390396508530836230,tiktok,fella_mek,Lokan sagamto lmaklaa c’est mieux 😩😩,2026-01-24T13:38:58.414554,0,7390060319583784197,https://www.tiktok.com/@helena_restaurant/video/7390060319583784197,Helena
7390307765551940357,tiktok,manel,améliorez la bouffe pitié pck c vrmt beau mais le goût pas ça 🙏,2026-01-24T13:38:58.414556,9,7390060319583784197,https://www.tiktok.com/@helena_restaurant/video/7390060319583784197,Helena
7390077671295107846,tiktok,Lyna Amri,@malakbour @@DOUAA_BNZ✨ @Nouha serine nchalah yahdikoum rebi,2026-01-24T13:38:58.414559,1,7390060319583784197,https://www.tiktok.com/@helena_restaurant/video/7390060319583784197,Helena
7390462557343433477,tiktok,N’habite,"Un accent bien banlieusard, à un moment donné j’ai cru que le resto se situait en",2026-01-24T13:38:58.414561,0,7390060319583784197,https://www.tiktok.com/@helena_restaurant/video/7390060319583784197,Helena
7441247105425048376,tiktok,Nabiha,نحبها صح فيها قعدة حطة مي مالكله كارثه مش بنينه كامل انا تصدمت فيهم .عرض صحباتي من الخارج تبهدلت وكي قتلهم لا يهمهم الزبون,2026-01-24T13:38:58.414564,1,7390060319583784197,https://www.tiktok.com/@helena_restaurant/video/7390060319583784197,Helena
7417736529956881157,tiktok,Dihya,"😳 En rejetant l’arabe et le tamazight, langues enracinées dans notre histoire, ces personnes se déconnectent de leur propre identité☺️☺️",2026-01-24T13:38:58.414567,1,7390060319583784197,https://www.tiktok.com/@helena_restaurant/video/7390060319583784197,Helena
7408474970052231969,tiktok,lesvoyagesdelina,"Le cadre est magnifique, mais les serveurs la qualité de la bouffe et le matin pour le petit déjeuner y'a rien sauf les cookies. Merci j'ai assez donné",2026-01-24T13:38:58.414569,1,7390060319583784197,https://www.tiktok.com/@helena_restaurant/video/7390060319583784197,Helena
7402731266897347333,tiktok,Valdecir Mercedes,ahdro bloughtkm ya lm3a9din 🤔🤔🤔🤔🤔🤔🤔🤔🤔🤔🤔🤔🤔🤔🤔🤔🤔🤔🤔🤔🤔🤔🤔🤔🤔🤔🤔🤔za3ma b lkhronci dji bnina,2026-01-24T13:38:58.414572,1,7390060319583784197,https://www.tiktok.com/@helena_restaurant/video/7390060319583784197,Helena
7390885953289749254,tiktok,Rachelle Rachello,une spécialité asiatique avc des frites tu rigoles hhhhhaaaa,2026-01-24T13:38:58.414575,1,7390060319583784197,https://www.tiktok.com/@helena_restaurant/video/7390060319583784197,Helena
7390496699833828101,tiktok,Amy_san15,"wsh dekhlkom f nas 😂 yahdro kima yhabo.. si ça vous convient pas bon débarras, y a bcp de pub en arabe, jo l vd en fr tetl9o ghmaltkom zaama vs faites les différents 😂",2026-01-24T13:38:58.414577,1,7390060319583784197,https://www.tiktok.com/@helena_restaurant/video/7390060319583784197,Helena
7463214962791564054,tiktok,hs,"Très déçue ! Plats froids, présentation moyenne … bof bof ! Le rapport qualité prix n’est pas bon",2026-01-24T13:38:58.414580,0,7390060319583784197,https://www.tiktok.com/@helena_restaurant/video/7390060319583784197,Helena
7420010388794196768,tiktok,Nab✌️✈️,Une fois de plus un restaurant magnifique au niveau décoration mais malheureusement la nourriture est très moyenne ! les goût et les couleurs !,2026-01-24T13:38:58.414582,0,7390060319583784197,https://www.tiktok.com/@helena_restaurant/video/7390060319583784197,Helena
7390902300138062598,tiktok,belle.alger,Parmi les Pires restau d’Alger,2026-01-24T13:38:58.414584,0,7390060319583784197,https://www.tiktok.com/@helena_restaurant/video/7390060319583784197,Helena
7390818506554147589,tiktok,Sabrina,"tout est magnifique,l accueil la propreté le service la déco,par contre la boiffe pas trop bonne",2026-01-24T13:38:58.414587,0,7390060319583784197,https://www.tiktok.com/@helena_restaurant/video/7390060319583784197,Helena
7390720354123760390,tiktok,Alexandra Geuniare,@Lyna: Le service est sympa mais la bouffe n’est pas bonne malheureusement👎🏻👎🏻,2026-01-24T13:38:58.414589,0,7390060319583784197,https://www.tiktok.com/@helena_restaurant/video/7390060319583784197,Helena
7390518891650351877,tiktok,Khoul Boud,alors ici un jus d orange est a 700 drs servi ds un verr 25 ml plus qe banal le gateau a la fraise pas fameux non plus c l adress peut etre qui jistifie ces prix vs devriez les revoir bonne chan,2026-01-24T13:38:58.414592,0,7390060319583784197,https://www.tiktok.com/@helena_restaurant/video/7390060319583784197,Helena
7390441753285788421,tiktok,💚,Et le français pourquoi ? Ahdro darja ya rebiiii,2026-01-24T13:38:58.414594,0,7390060319583784197,https://www.tiktok.com/@helena_restaurant/video/7390060319583784197,Helena
7402327722251698950,tiktok,البانز,C’est ou exact a paris svp ?,2026-01-24T13:39:10.871087,1,7402208051287067909,https://www.tiktok.com/@helena_restaurant/video/7402208051287067909,Helena
7451278658742584070,tiktok,Sam,حمود ب 35الف 💀💀💀,2026-01-24T13:39:10.871098,1,7402208051287067909,https://www.tiktok.com/@helena_restaurant/video/7402208051287067909,Helena
7408970344726332166,tiktok,沒問号的小朋友,il faut commencer par donner le lieu l'adresse de ce resto...on commence par le nom et l'adresse no téléphone après vous passez à la présentation du lieu ensuite de la carte,2026-01-24T13:39:10.871100,15,7402208051287067909,https://www.tiktok.com/@helena_restaurant/video/7402208051287067909,Helena
7407534504187757318,tiktok,Toudjane Karim,vous avez bien présenté un bon travail bravo 👏perfecto,2026-01-24T13:39:10.871102,1,7402208051287067909,https://www.tiktok.com/@helena_restaurant/video/7402208051287067909,Helena
7529106537702064919,tiktok,zz_2484,Et la salât janaza j’ai entendu mdrr 😂😂😂,2026-01-24T13:39:10.871104,1,7402208051287067909,https://www.tiktok.com/@helena_restaurant/video/7402208051287067909,Helena
7419621837153518369,tiktok,the legend,la classe c'est bien vous 😉,2026-01-24T13:39:10.871105,0,7402208051287067909,https://www.tiktok.com/@helena_restaurant/video/7402208051287067909,Helena
7402349393057415941,tiktok,sabrina25487,Hyper cher,2026-01-24T13:39:10.871106,3,7402208051287067909,https://www.tiktok.com/@helena_restaurant/video/7402208051287067909,Helena
7404169340659270406,tiktok,kamel,il est hyper cher,2026-01-24T13:39:10.871108,2,7402208051287067909,https://www.tiktok.com/@helena_restaurant/video/7402208051287067909,Helena
7407888221382755105,tiktok,Lifyam,Trop sur côté j’ai pris un pain perdu mdrrrrrrr,2026-01-24T13:39:10.871109,0,7402208051287067909,https://www.tiktok.com/@helena_restaurant/video/7402208051287067909,Helena
7407421890615280390,tiktok,هبة الله 🌷,Hyper cher et le déco ancient me manque 😔,2026-01-24T13:39:10.871110,1,7402208051287067909,https://www.tiktok.com/@helena_restaurant/video/7402208051287067909,Helena
7432185820398256901,tiktok,meyada,où ce trouve votre restaurant,2026-01-24T13:39:10.871112,0,7402208051287067909,https://www.tiktok.com/@helena_restaurant/video/7402208051287067909,Helena
7423373480756560646,tiktok,djelloullouhibi0,lieu et prix ??,2026-01-24T13:39:10.871113,0,7402208051287067909,https://www.tiktok.com/@helena_restaurant/video/7402208051287067909,Helena
7424908984841716485,tiktok,Deheba Rachid,ou ce trouve ce restaurant,2026-01-24T13:39:10.871114,0,7402208051287067909,https://www.tiktok.com/@helena_restaurant/video/7402208051287067909,Helena
7403061015468917510,tiktok,Ania Any🇩🇿 ⵣ,C’est un café non ?,2026-01-24T13:39:10.871116,0,7402208051287067909,https://www.tiktok.com/@helena_restaurant/video/7402208051287067909,Helena
7429957854817551110,tiktok,Djam Beo,l'endroit svp.,2026-01-24T13:39:10.871117,0,7402208051287067909,https://www.tiktok.com/@helena_restaurant/video/7402208051287067909,Helena
7407909261634241286,tiktok,user7811582105226,ci bien.,2026-01-24T13:39:10.871118,0,7402208051287067909,https://www.tiktok.com/@helena_restaurant/video/7402208051287067909,Helena
7421980881291100933,tiktok,wiskass,les prix svp dans le menu,2026-01-24T13:39:10.871120,0,7402208051287067909,https://www.tiktok.com/@helena_restaurant/video/7402208051287067909,Helena
7411633607679378182,tiktok,....,Super,2026-01-24T13:39:10.871121,0,7402208051287067909,https://www.tiktok.com/@helena_restaurant/video/7402208051287067909,Helena
7407908413013426949,tiktok,FrogMan72,Connaissez vous ce que veut dire le B.A dans le monde de la restauration svp,2026-01-24T13:39:10.871123,0,7402208051287067909,https://www.tiktok.com/@helena_restaurant/video/7402208051287067909,Helena
7407334463716426528,tiktok,Rouana,Il faut nettoyer les tablettes à chaque utilisation sinon…,2026-01-24T13:39:10.871124,0,7402208051287067909,https://www.tiktok.com/@helena_restaurant/video/7402208051287067909,Helena
7424530805760246533,tiktok,djilalielaichouch,trop cher,2026-01-24T13:39:15.111162,0,7402208051287067909,https://www.tiktok.com/@helena_restaurant/video/7402208051287067909,Helena
7415961096954364678,tiktok,Saad San120,les prix trop chère,2026-01-24T13:39:15.111177,0,7402208051287067909,https://www.tiktok.com/@helena_restaurant/video/7402208051287067909,Helena
7518697061154177814,tiktok,lotis34,❤❤❤❤❤,2026-01-24T13:39:15.111181,2,7402208051287067909,https://www.tiktok.com/@helena_restaurant/video/7402208051287067909,Helena
7586367194486113032,tiktok,Ahlem,😍,2026-01-24T13:39:15.111183,0,7402208051287067909,https://www.tiktok.com/@helena_restaurant/video/7402208051287067909,Helena
7529670240692044566,tiktok,Khadija Mousa608,😂,2026-01-24T13:39:15.111185,0,7402208051287067909,https://www.tiktok.com/@helena_restaurant/video/7402208051287067909,Helena
7527361885977772822,tiktok,MelisseGlow,🤣🤣🤣,2026-01-24T13:39:15.111188,0,7402208051287067909,https://www.tiktok.com/@helena_restaurant/video/7402208051287067909,Helena
7526335183797486358,tiktok,_13rme,🥰🥰🥰,2026-01-24T13:39:15.111192,0,7402208051287067909,https://www.tiktok.com/@helena_restaurant/video/7402208051287067909,Helena
7454287746926248709,tiktok,RAID KR,🥰,2026-01-24T13:39:15.111195,0,7402208051287067909,https://www.tiktok.com/@helena_restaurant/video/7402208051287067909,Helena
7454287788360975110,tiktok,RAID KR,😌,2026-01-24T13:39:15.111197,0,7402208051287067909,https://www.tiktok.com/@helena_restaurant/video/7402208051287067909,Helena
7432353024008323846,tiktok,🐈‍⬛,@nouha,2026-01-24T13:39:15.111199,0,7402208051287067909,https://www.tiktok.com/@helena_restaurant/video/7402208051287067909,Helena
7429350628437295905,tiktok,nina,🥰🥰🥰🥰🥰,2026-01-24T13:39:15.111202,0,7402208051287067909,https://www.tiktok.com/@helena_restaurant/video/7402208051287067909,Helena
7423407143380845344,tiktok,Soraya Emeraude,💓💓💓,2026-01-24T13:39:15.111204,0,7402208051287067909,https://www.tiktok.com/@helena_restaurant/video/7402208051287067909,Helena
7423150001164174085,tiktok,Samir Aïkido,🥰🥰🥰,2026-01-24T13:39:15.111206,0,7402208051287067909,https://www.tiktok.com/@helena_restaurant/video/7402208051287067909,Helena
7421203177494577926,tiktok,ibfreedom,🥰🥰🥰,2026-01-24T13:39:15.111209,0,7402208051287067909,https://www.tiktok.com/@helena_restaurant/video/7402208051287067909,Helena
7420831420870034181,tiktok,hakimguendouz3,💕💕💕,2026-01-24T13:39:15.111211,0,7402208051287067909,https://www.tiktok.com/@helena_restaurant/video/7402208051287067909,Helena
7419786677223228166,tiktok,❤️samir✌️ wolf ❤️,👌👌👌👌👌,2026-01-24T13:39:15.111213,0,7402208051287067909,https://www.tiktok.com/@helena_restaurant/video/7402208051287067909,Helena
7413235694401094406,tiktok,💫pub dz🇨🇭♓🇩🇿💫,❤❤❤,2026-01-24T13:39:15.111215,0,7402208051287067909,https://www.tiktok.com/@helena_restaurant/video/7402208051287067909,Helena
7407759697468883717,tiktok,mamiekika,😂😂😂,2026-01-24T13:39:15.111218,0,7402208051287067909,https://www.tiktok.com/@helena_restaurant/video/7402208051287067909,Helena
7407563178910974726,tiktok,ùshka,@HORROR MONAL PCOS,2026-01-24T13:39:15.111220,0,7402208051287067909,https://www.tiktok.com/@helena_restaurant/video/7402208051287067909,Helena
7404529899689526022,tiktok,mirana16,❤,2026-01-24T13:39:15.111222,0,7402208051287067909,https://www.tiktok.com/@helena_restaurant/video/7402208051287067909,Helena
7404161090940453638,tiktok,快乐高不Mercedes ＼(^_^)／🇱🇷🇺🇲,💯💯💯,2026-01-24T13:39:15.885987,0,7402208051287067909,https://www.tiktok.com/@helena_restaurant/video/7402208051287067909,Helena
7402265710078149382,tiktok,𝒜,😍,2026-01-24T13:39:15.886000,0,7402208051287067909,https://www.tiktok.com/@helena_restaurant/video/7402208051287067909,Helena
7428480677174444806,tiktok,Yacine sinou,manhbch plays hkda fihom l3ami9ine bzf,2026-01-24T13:39:15.886003,0,7402208051287067909,https://www.tiktok.com/@helena_restaurant/video/7402208051287067909,Helena
7423249588834485024,tiktok,Manel.mane,Sur côté ++ c’est fade la carte et produit ne sont pas à la hauteur de la déco des fois vaut mieux pas investir à fond dans la déco mais + dans les produits dans les assiettes,2026-01-24T13:39:15.886006,0,7402208051287067909,https://www.tiktok.com/@helena_restaurant/video/7402208051287067909,Helena
7421801489733845793,tiktok,Rayan78,🤣🤣🤣classe avec des veille chaise 🤣🤣🤣,2026-01-24T13:39:15.886009,0,7402208051287067909,https://www.tiktok.com/@helena_restaurant/video/7402208051287067909,Helena
7402284842181755654,tiktok,Maliko,Il est n’y classe et encore moins festif hahahaha,2026-01-24T13:39:15.886011,2,7402208051287067909,https://www.tiktok.com/@helena_restaurant/video/7402208051287067909,Helena
7408879562024239905,tiktok,Yas !,"C’est beau mais pas bon, pour y avoir mangé cette été, c’est juste un endroit instagrammable pour les photos !",2026-01-24T13:39:15.886013,1,7402208051287067909,https://www.tiktok.com/@helena_restaurant/video/7402208051287067909,Helena
7536720194912961302,tiktok,Max Maxo,tu as pu manger tout ça waouuuuuuu,2026-01-24T13:39:15.886016,0,7402208051287067909,https://www.tiktok.com/@helena_restaurant/video/7402208051287067909,Helena
7428735848458158853,tiktok,bensha,quel est le taux de cholestérol avant et après ce menu,2026-01-24T13:39:15.886018,0,7402208051287067909,https://www.tiktok.com/@helena_restaurant/video/7402208051287067909,Helena
7426786515916194566,tiktok,Ïtâlÿanè Ïtâlÿanè,écoute bien la dame elle a un problème on langage elle ne prononce pas bien les mots,2026-01-24T13:39:15.886021,0,7402208051287067909,https://www.tiktok.com/@helena_restaurant/video/7402208051287067909,Helena
7425949361643684614,tiktok,Rethor,Ikea et la deco chinoise ne font jamais un authentique restaurant.,2026-01-24T13:39:15.886023,0,7402208051287067909,https://www.tiktok.com/@helena_restaurant/video/7402208051287067909,Helena
7423058003546686214,tiktok,faridbelhadjmostf,commencez par l'adresse,2026-01-24T13:39:15.886025,0,7402208051287067909,https://www.tiktok.com/@helena_restaurant/video/7402208051287067909,Helena
7419670246683263776,tiktok,g.n,Tanaland,2026-01-24T13:39:15.886028,0,7402208051287067909,https://www.tiktok.com/@helena_restaurant/video/7402208051287067909,Helena
7416211361514914565,tiktok,malekbouheloufa,vous faites de la publicité sans citer l'adresse du restaurant !!!,2026-01-24T13:39:15.886030,0,7402208051287067909,https://www.tiktok.com/@helena_restaurant/video/7402208051287067909,Helena
7415701905751409414,tiktok,Chrifa Lol,viande braisé et non pas brisée,2026-01-24T13:39:15.886033,0,7402208051287067909,https://www.tiktok.com/@helena_restaurant/video/7402208051287067909,Helena
7408790271494193925,tiktok,Pacha BEY,Les prix restent un handicap pour les petites bourses. Une minorité mange jusqu'à l'étouffement pendant qu'une majorité regarde en s'imaginant manger ces plats délicieux.😂😂,2026-01-24T13:39:15.886035,0,7402208051287067909,https://www.tiktok.com/@helena_restaurant/video/7402208051287067909,Helena
7408260879101543173,tiktok,SA SA,متنساش تدي معاك carnet de chèque,2026-01-24T13:39:15.886038,0,7402208051287067909,https://www.tiktok.com/@helena_restaurant/video/7402208051287067909,Helena
7408108040278442784,tiktok,L'inconnu,Ta Tout Mangé 🤔🤔🤔,2026-01-24T13:39:15.886040,0,7402208051287067909,https://www.tiktok.com/@helena_restaurant/video/7402208051287067909,Helena
7402274533157765893,tiktok,Mamiche Mouna,Et oui ma belle c beau mais le service c la catastrophe lol,2026-01-24T13:39:15.886042,0,7402208051287067909,https://www.tiktok.com/@helena_restaurant/video/7402208051287067909,Helena
7402253582478836486,tiktok,khadoo_ke,Magnifique😍😍,2026-01-24T13:39:16.670369,0,7402208051287067909,https://www.tiktok.com/@helena_restaurant/video/7402208051287067909,Helena
7418557241618105094,tiktok,Fouad Mer,ضع لنا الأسعار هنا لاربعة اشخاص,2026-01-24T13:39:27.833593,2,7407789967910505734,https://www.tiktok.com/@helena_restaurant/video/7407789967910505734,Helena
7471389843126960951,tiktok,Meowie,الوحيد ؟😂😂😂,2026-01-24T13:39:27.833689,1,7407789967910505734,https://www.tiktok.com/@helena_restaurant/video/7407789967910505734,Helena
7512273665786921733,tiktok,Bella Bella,وين هاذا؟؟,2026-01-24T13:39:27.833695,0,7407789967910505734,https://www.tiktok.com/@helena_restaurant/video/7407789967910505734,Helena
7416711528886682374,tiktok,dïa Mañt ❤️,ماشاء الله😘😘,2026-01-24T13:39:27.833700,0,7407789967910505734,https://www.tiktok.com/@helena_restaurant/video/7407789967910505734,Helena
7431348595972588293,tiktok,wight ange ❤️🖤🩶,صحتين🥰,2026-01-24T13:39:27.833705,0,7407789967910505734,https://www.tiktok.com/@helena_restaurant/video/7407789967910505734,Helena
7447912143444804357,tiktok,...,صحتين,2026-01-24T13:39:27.833709,0,7407789967910505734,https://www.tiktok.com/@helena_restaurant/video/7407789967910505734,Helena
7525479768470192901,tiktok,Rym🇮🇹,🤣,2026-01-24T13:39:27.833713,0,7407789967910505734,https://www.tiktok.com/@helena_restaurant/video/7407789967910505734,Helena
7588479442595808021,tiktok,wissal,🥰🥰🥰,2026-01-24T13:39:43.281231,0,7585675403134504210,https://www.tiktok.com/@helena_restaurant/video/7585675403134504210,Helena
7390399638929769221,tiktok,aniaa.hr,The worst experience ! Zéro professionnalisme,2026-01-24T13:40:00.859559,2,7585596975144291591,https://www.tiktok.com/@helena_restaurant/video/7585596975144291591,Helena
7401088432548659973,tiktok,jack2309,les tarifs varient entre ?!,2026-01-24T13:40:00.859572,1,7585596975144291591,https://www.tiktok.com/@helena_restaurant/video/7585596975144291591,Helena
7597594708118881046,tiktok,hamza_royale13,اميرة,2026-01-24T13:40:00.859575,0,7585596975144291591,https://www.tiktok.com/@helena_restaurant/video/7585596975144291591,Helena
7390331032022549253,tiktok,Boutique sarah,حسبتلي في فرنسا 😅,2026-01-24T13:40:00.859577,34,7585596975144291591,https://www.tiktok.com/@helena_restaurant/video/7585596975144291591,Helena
7390385980682175238,tiktok,Lyna,Le service est sympa mais la bouffe n’est pas bonne malheureusement,2026-01-24T13:40:00.859579,36,7585596975144291591,https://www.tiktok.com/@helena_restaurant/video/7585596975144291591,Helena
7391035316596097798,tiktok,Karim Mal,je connais j'ai été déçu des serveurs et aussi de la qualité de la bouffe pour le prix,2026-01-24T13:40:00.859581,5,7585596975144291591,https://www.tiktok.com/@helena_restaurant/video/7585596975144291591,Helena
7390352409601901318,tiktok,Louly💎,mon endroit préféré😍,2026-01-24T13:40:00.859582,2,7585596975144291591,https://www.tiktok.com/@helena_restaurant/video/7585596975144291591,Helena
7396323132070118149,tiktok,modelka,"Desolé mais si tout le monde se plaint de la bouffe, je ne me casserai pas la tête d'essayer",2026-01-24T13:40:00.859584,14,7585596975144291591,https://www.tiktok.com/@helena_restaurant/video/7585596975144291591,Helena
7519830821701075734,tiktok,Moula,Frenchement je comprend pas les commentaires négatif moi c’était parfait tout été très bon et un service irréprochable je reviendrais ca c’est sure,2026-01-24T13:40:00.859585,1,7585596975144291591,https://www.tiktok.com/@helena_restaurant/video/7585596975144291591,Helena
7390112042840179461,tiktok,🦋,J’ai pas aimé la bouffe mais le reste est parfait,2026-01-24T13:40:00.859587,39,7585596975144291591,https://www.tiktok.com/@helena_restaurant/video/7585596975144291591,Helena
7412231662149845765,tiktok,Akram,ALGERIA 🇩🇿🇩🇿🇩🇿,2026-01-24T13:40:00.859589,0,7585596975144291591,https://www.tiktok.com/@helena_restaurant/video/7585596975144291591,Helena
7391139862450062085,tiktok,Rasheeäl Beauty,0 Goût Malheureusement,2026-01-24T13:40:00.859590,1,7585596975144291591,https://www.tiktok.com/@helena_restaurant/video/7585596975144291591,Helena
7402524553447129861,tiktok,Sousou,Meziya Kayene les commentaries 😂,2026-01-24T13:40:00.859592,1,7585596975144291591,https://www.tiktok.com/@helena_restaurant/video/7585596975144291591,Helena
7407414028426199814,tiktok,هبة الله 🌷,serveur heta 3ayetlo bach dja ( w chafni mchi za3ma ma chafnich ) 😒,2026-01-24T13:40:00.859593,1,7585596975144291591,https://www.tiktok.com/@helena_restaurant/video/7585596975144291591,Helena
7392329102411580165,tiktok,sahiasahis xenalaguerriere,quel italien,2026-01-24T13:40:00.859595,0,7585596975144291591,https://www.tiktok.com/@helena_restaurant/video/7585596975144291591,Helena
7413664201351627526,tiktok,ابتسام,الله يبارك حطولنا الاسعار,2026-01-24T13:40:00.859596,1,7585596975144291591,https://www.tiktok.com/@helena_restaurant/video/7585596975144291591,Helena
7439845897188983607,tiktok,Garfield,j'ai pas aime c'est cher pour rien,2026-01-24T13:40:00.859598,1,7585596975144291591,https://www.tiktok.com/@helena_restaurant/video/7585596975144291591,Helena
7535001677456229142,tiktok,𝓦𝓪𝓼𝓼𝓲𝓵𝓪 ꨄ︎,Le serveur très gentil l’accueil très bien mais service long . Pancakes bof et cappuccino c’est pas vrmt ça. La brioche perdu aux fruits est bonne,2026-01-24T13:40:00.859600,0,7585596975144291591,https://www.tiktok.com/@helena_restaurant/video/7585596975144291591,Helena
7391134396302295813,tiktok,wiskass,la carte crédit qui pleure,2026-01-24T13:40:00.859602,0,7585596975144291591,https://www.tiktok.com/@helena_restaurant/video/7585596975144291591,Helena
7390386518480110342,tiktok,Hillel Trabelsi,Je viendrais pas oublie,2026-01-24T13:40:00.859603,0,7585596975144291591,https://www.tiktok.com/@helena_restaurant/video/7585596975144291591,Helena
7404420796628632325,tiktok,faty,Mais C est très cher. 2 cafés et 2 gâteaux 1 petite bouteille d'eau à 2900 da,2026-01-24T13:40:02.389832,0,7585596975144291591,https://www.tiktok.com/@helena_restaurant/video/7585596975144291591,Helena
7390141192794899206,tiktok,Dounia Radia720,J’y suis allée une fois ce n’était pas fameux,2026-01-24T13:40:02.389844,108,7585596975144291591,https://www.tiktok.com/@helena_restaurant/video/7585596975144291591,Helena
7390183443140215557,tiktok,Enem’z,Pire resto j’ai pas aimé 😏,2026-01-24T13:40:02.389847,1,7585596975144291591,https://www.tiktok.com/@helena_restaurant/video/7585596975144291591,Helena
7395959346549834501,tiktok,Selsabil adventures,My favorite place 🥰,2026-01-24T13:40:02.389849,0,7585596975144291591,https://www.tiktok.com/@helena_restaurant/video/7585596975144291591,Helena
7415876532368999201,tiktok,Biskra-Tebessa🇩🇿voyages,J’y suis allé une super deco et la nourriture est très très bon. Merci à vous.,2026-01-24T13:40:02.389851,2,7585596975144291591,https://www.tiktok.com/@helena_restaurant/video/7585596975144291591,Helena
7391069967981429509,tiktok,𝒮𝓊𝒮𝓊 ᥫᩣ,C pas bon du tout,2026-01-24T13:40:02.389853,3,7585596975144291591,https://www.tiktok.com/@helena_restaurant/video/7585596975144291591,Helena
7391087002541835013,tiktok,أحلامــ,Sur tiktok et dans la vraie vie c pas la meme chose,2026-01-24T13:40:02.389855,1,7585596975144291591,https://www.tiktok.com/@helena_restaurant/video/7585596975144291591,Helena
7390885746146132741,tiktok,ahmed,Ou ça,2026-01-24T13:40:02.389856,0,7585596975144291591,https://www.tiktok.com/@helena_restaurant/video/7585596975144291591,Helena
7391009406265705222,tiktok,lyly832,les commentaires rien à voir madame 😅,2026-01-24T13:40:02.389858,0,7585596975144291591,https://www.tiktok.com/@helena_restaurant/video/7585596975144291591,Helena
7537066393243943702,tiktok,Kamka,Jai etait cest pas bon je suis desoler sans vouloir dénigrer mais il ne mont pas servie ce qui avait sur la description mais le serveur tres tres gentille,2026-01-24T13:40:02.389863,1,7585596975144291591,https://www.tiktok.com/@helena_restaurant/video/7585596975144291591,Helena
7407779652502848289,tiktok,Luciano Alg,les prix?,2026-01-24T13:40:02.389865,0,7585596975144291591,https://www.tiktok.com/@helena_restaurant/video/7585596975144291591,Helena
7419762847313347333,tiktok,Romi,le personnel n'est pas dutout professionnel malheureusement ils m'ont gâché mon jour d'anniversaire 😭,2026-01-24T13:40:02.389867,0,7585596975144291591,https://www.tiktok.com/@helena_restaurant/video/7585596975144291591,Helena
7390842975972426501,tiktok,Lamir Lari,après c'est le porte-monnaie qui va pleurer 😅,2026-01-24T13:40:02.389869,0,7585596975144291591,https://www.tiktok.com/@helena_restaurant/video/7585596975144291591,Helena
7461711665558995734,tiktok,saabmakeup,Ses ou ses a Oran ?,2026-01-24T13:40:02.389871,0,7585596975144291591,https://www.tiktok.com/@helena_restaurant/video/7585596975144291591,Helena
7432415624398471941,tiktok,oumaima oumi,non ...non. ce n'était pas bon .malheureusement,2026-01-24T13:40:02.389872,0,7585596975144291591,https://www.tiktok.com/@helena_restaurant/video/7585596975144291591,Helena
7416212341409121057,tiktok,SSIF,"Est ce que le cuistot a changé depuis l’été 2023 svp ? Parcqu’ en tte sincérité ça n’était pas bon du tout. Avec mon mari et nos 2 filles, ns avions pris 4 plats différents et tous étaient pas bons",2026-01-24T13:40:02.389874,1,7585596975144291591,https://www.tiktok.com/@helena_restaurant/video/7585596975144291591,Helena
7417022023204373281,tiktok,Zazy,les petits déjeuners sont bons le décor est vraiment très agréable.je valide 😍,2026-01-24T13:40:02.389876,1,7585596975144291591,https://www.tiktok.com/@helena_restaurant/video/7585596975144291591,Helena
7396015607848321797,tiktok,bymanel,Merci de leur dir d etre plus accueillant plus rapid plus sympa,2026-01-24T13:40:02.389877,0,7585596975144291591,https://www.tiktok.com/@helena_restaurant/video/7585596975144291591,Helena
7390727902353457926,tiktok,neila_dz1,C'était sympa et beau je reviendrai 🥰 bientôt,2026-01-24T13:40:02.389879,0,7585596975144291591,https://www.tiktok.com/@helena_restaurant/video/7585596975144291591,Helena
7402327722251698950,tiktok,البانز,C’est ou exact a paris svp ?,2026-01-24T13:40:07.413013,1,7585596975144291591,https://www.tiktok.com/@helena_restaurant/video/7585596975144291591,Helena
7451278658742584070,tiktok,Sam,حمود ب 35الف 💀💀💀,2026-01-24T13:40:07.413021,1,7585596975144291591,https://www.tiktok.com/@helena_restaurant/video/7585596975144291591,Helena
7408970344726332166,tiktok,沒問号的小朋友,il faut commencer par donner le lieu l'adresse de ce resto...on commence par le nom et l'adresse no téléphone après vous passez à la présentation du lieu ensuite de la carte,2026-01-24T13:40:07.413024,15,7585596975144291591,https://www.tiktok.com/@helena_restaurant/video/7585596975144291591,Helena
7407534504187757318,tiktok,Toudjane Karim,vous avez bien présenté un bon travail bravo 👏perfecto,2026-01-24T13:40:07.413025,1,7585596975144291591,https://www.tiktok.com/@helena_restaurant/video/7585596975144291591,Helena
7529106537702064919,tiktok,zz_2484,Et la salât janaza j’ai entendu mdrr 😂😂😂,2026-01-24T13:40:07.413027,1,7585596975144291591,https://www.tiktok.com/@helena_restaurant/video/7585596975144291591,Helena
7419621837153518369,tiktok,the legend,la classe c'est bien vous 😉,2026-01-24T13:40:07.413028,0,7585596975144291591,https://www.tiktok.com/@helena_restaurant/video/7585596975144291591,Helena
7402349393057415941,tiktok,sabrina25487,Hyper cher,2026-01-24T13:40:07.413029,3,7585596975144291591,https://www.tiktok.com/@helena_restaurant/video/7585596975144291591,Helena
7404169340659270406,tiktok,kamel,il est hyper cher,2026-01-24T13:40:07.413031,2,7585596975144291591,https://www.tiktok.com/@helena_restaurant/video/7585596975144291591,Helena
7407888221382755105,tiktok,Lifyam,Trop sur côté j’ai pris un pain perdu mdrrrrrrr,2026-01-24T13:40:07.413032,0,7585596975144291591,https://www.tiktok.com/@helena_restaurant/video/7585596975144291591,Helena
7407421890615280390,tiktok,هبة الله 🌷,Hyper cher et le déco ancient me manque 😔,2026-01-24T13:40:07.413033,1,7585596975144291591,https://www.tiktok.com/@helena_restaurant/video/7585596975144291591,Helena
7432185820398256901,tiktok,meyada,où ce trouve votre restaurant,2026-01-24T13:40:07.413035,0,7585596975144291591,https://www.tiktok.com/@helena_restaurant/video/7585596975144291591,Helena
7423373480756560646,tiktok,djelloullouhibi0,lieu et prix ??,2026-01-24T13:40:07.413036,0,7585596975144291591,https://www.tiktok.com/@helena_restaurant/video/7585596975144291591,Helena
7424908984841716485,tiktok,Deheba Rachid,ou ce trouve ce restaurant,2026-01-24T13:40:07.413037,0,7585596975144291591,https://www.tiktok.com/@helena_restaurant/video/7585596975144291591,Helena
7429957854817551110,tiktok,Djam Beo,l'endroit svp.,2026-01-24T13:40:07.413038,0,7585596975144291591,https://www.tiktok.com/@helena_restaurant/video/7585596975144291591,Helena
7403061015468917510,tiktok,Ania Any🇩🇿 ⵣ,C’est un café non ?,2026-01-24T13:40:07.413040,0,7585596975144291591,https://www.tiktok.com/@helena_restaurant/video/7585596975144291591,Helena
7407909261634241286,tiktok,user7811582105226,ci bien.,2026-01-24T13:40:07.413041,0,7585596975144291591,https://www.tiktok.com/@helena_restaurant/video/7585596975144291591,Helena
7421980881291100933,tiktok,wiskass,les prix svp dans le menu,2026-01-24T13:40:07.413042,0,7585596975144291591,https://www.tiktok.com/@helena_restaurant/video/7585596975144291591,Helena
7411633607679378182,tiktok,....,Super,2026-01-24T13:40:07.413043,0,7585596975144291591,https://www.tiktok.com/@helena_restaurant/video/7585596975144291591,Helena
7407908413013426949,tiktok,FrogMan72,Connaissez vous ce que veut dire le B.A dans le monde de la restauration svp,2026-01-24T13:40:07.413045,0,7585596975144291591,https://www.tiktok.com/@helena_restaurant/video/7585596975144291591,Helena
7407334463716426528,tiktok,Rouana,Il faut nettoyer les tablettes à chaque utilisation sinon…,2026-01-24T13:40:07.413046,0,7585596975144291591,https://www.tiktok.com/@helena_restaurant/video/7585596975144291591,Helena
7418557241618105094,tiktok,Fouad Mer,ضع لنا الأسعار هنا لاربعة اشخاص,2026-01-24T13:40:07.786245,2,7585596975144291591,https://www.tiktok.com/@helena_restaurant/video/7585596975144291591,Helena
7471389843126960951,tiktok,Meowie,الوحيد ؟😂😂😂,2026-01-24T13:40:07.786260,1,7585596975144291591,https://www.tiktok.com/@helena_restaurant/video/7585596975144291591,Helena
7512273665786921733,tiktok,Bella Bella,وين هاذا؟؟,2026-01-24T13:40:07.786264,0,7585596975144291591,https://www.tiktok.com/@helena_restaurant/video/7585596975144291591,Helena
7416711528886682374,tiktok,dïa Mañt ❤️,ماشاء الله😘😘,2026-01-24T13:40:07.786267,0,7585596975144291591,https://www.tiktok.com/@helena_restaurant/video/7585596975144291591,Helena
7431348595972588293,tiktok,wight ange ❤️🖤🩶,صحتين🥰,2026-01-24T13:40:07.786269,0,7585596975144291591,https://www.tiktok.com/@helena_restaurant/video/7585596975144291591,Helena
7447912143444804357,tiktok,...,صحتين,2026-01-24T13:40:07.786272,0,7585596975144291591,https://www.tiktok.com/@helena_restaurant/video/7585596975144291591,Helena
7525479768470192901,tiktok,Rym🇮🇹,🤣,2026-01-24T13:40:07.786283,0,7585596975144291591,https://www.tiktok.com/@helena_restaurant/video/7585596975144291591,Helena
7588479442595808021,tiktok,wissal,🥰🥰🥰,2026-01-24T13:40:10.104105,0,7585596975144291591,https://www.tiktok.com/@helena_restaurant/video/7585596975144291591,Helena
7585126085962220295,tiktok,Monsieur Noir,🥰,2026-01-24T13:40:12.163859,0,7585596975144291591,https://www.tiktok.com/@helena_restaurant/video/7585596975144291591,Helena
7586827639022977799,tiktok,Emilia z,j'aimerais bien mai ....😔,2026-01-24T13:40:15.192892,0,7585596975144291591,https://www.tiktok.com/@helena_restaurant/video/7585596975144291591,Helena
7578514494675157768,tiktok,Princesse Sou,me 🤣😅,2026-01-24T13:40:16.420566,0,7585596975144291591,https://www.tiktok.com/@helena_restaurant/video/7585596975144291591,Helena
7576300563235930891,tiktok,✨صف🌙ية✨,🤣🤣🤣🤣,2026-01-24T13:40:16.420575,0,7585596975144291591,https://www.tiktok.com/@helena_restaurant/video/7585596975144291591,Helena
7586828201181414152,tiktok,Emilia z,je valide 👍dans les règles d'ar 👌,2026-01-24T13:40:21.559126,0,7585596975144291591,https://www.tiktok.com/@helena_restaurant/video/7585596975144291591,Helena
7561956885269742344,tiktok,⚜️Ha_FiD⚜️,💯💯💯,2026-01-24T13:40:21.559139,0,7585596975144291591,https://www.tiktok.com/@helena_restaurant/video/7585596975144291591,Helena
7585126085962220295,tiktok,Monsieur Noir,🥰,2026-01-24T13:40:45.052375,0,7584768966241832210,https://www.tiktok.com/@helena_restaurant/video/7584768966241832210,Helena
