comment_id,final_id,comment_text,platform,source_name,date,likesCount,food,service,place,delivery,price,treatment,out_of_scope
7127,661118,"Déception sur toute la ligne! Nous étions des clients, mais notre expérience d’hier a été particulièrement regrettable. Lors d’une précédente visite, une erreur avait été commise sur la facture : un plat nous avait été facturé alors qu’il était en rupture et jamais servi. Lorsque nous l’avons rappelé calmement au propriétaire, celui-ci s’est montré désobligeant et a mis en doute notre parole, malgré le ticket de caisse que nous avions conservé comme preuve. Aucune excuse, aucune remise en question. Et pour couronner le tout, la qualité du repas d’hier laissait franchement à désirer. Dommage, car l’établissement avait du potentiel. Le respect des clients devrait être une priorité.",Google Maps,Restaurant À Petit Feu,2025-05-02T16:33:55.519Z,0,Complaint,Complaint,Complaint,None,None,Complaint,False
62756,136837,"pas trop, le service super long",tiktok,@allechante,2026-01-02T21:30:55.677942,0,Complaint,Complaint,None,None,None,None,False
5805,268040,"Nous sommes arrivé on a était placé en terrasse alors que il avait de la place . plat servis froid. Je suspecte la viande d’être invarier . Un goût très suspect. J’aurais mieux manger dans un faste food . Serveur très mal poli et pas Du tout professionnel, s’arrête pour draguer des femme , il ne c’est pas gêné à faire des avance à ma copine j’ai tes très mal alaise . J’ai passer une très mauvais soirée au toilette à fuir .",Google Maps,Casbah istanbul,2025-12-27T21:44:06.511Z,0,Complaint,Complaint,Complaint,None,None,Complaint,False
2678,399117,"Ni makla tslah ni service en plus les prix fe menue haja we ki tkhlesse haja, wllh ghir a eviter les resaux socieux berk yzidou 3liha",Google Maps,HichamCook Grill House,2023-08-04T08:25:07.466Z,2,Complaint,None,Complaint,None,Complaint,Complaint,False
72926,268093,Ils sont bien les kabyle à Alger sont pas malheureux com ils dise. Ils sont partou pour des opprimés le mak le sait ? dite la ferhett hydra c chic,tiktok,@pont_hydra,2026-01-02T22:13:38.779372,1,None,None,None,None,None,None,True
5924,530423,Très nul il faut bien attendre est gaspiller mon temps pour Acheter bref c'est dommage il se sont pas professionnels,Google Maps,Casbah Istanbul,2025-02-16T15:00:06.704Z,0,Complaint,Complaint,None,None,None,Complaint,False
8307,399449,"Lieu sympathique, stationnement difficile surtout aux heures de pointes. La cuisine est bonne. Une petite terrasse de 4 tables environs donnant sur la route . La music est pratiquement omniprésente ( ceux que sa dérange en mangeant doivent prendre une table dehors ). En ce qui concerne la propreté, c'est propre mais pas beaucoup voir les images jointes pour comprendre ( les bancs sont sales contrairement aux chaises ) les tables aussi sont propres. En résumé ça reste un bon lieu. BON APPÉTIT",Google Maps,American Burger Factory,2024-06-19T16:25:18.626Z,1,Appreciation,None,Complaint,None,None,Appreciation,False
2785,530690,Il me semble que ce restaurant plaît aux personnes qui d'habitude manger chez des gargoutiers. Moi personnellement ça ma du tout plus. Une salade déchirée à la main. Viande dure. Soupe sans cuillère Conflits entre serveurs aux yeux des clients.,Google Maps,HichamCook Grill House,2023-02-08T13:37:18.748Z,6,Complaint,None,Complaint,None,None,Complaint,False
46314,137488,"Si on comprend bien, tu travailles que avec les immigrés? N’importe quoi.",tiktok,@damisoran31,2026-01-02T20:21:57.969548,1,None,None,None,None,None,None,True
6619,662173,Lieux sympa mais le service désastreux,Google Maps,American Burger Factory,2025-09-18T22:58:59.258Z,0,None,None,Appreciation,None,None,Complaint,False
38774,924371,"C est grave, il faut boycotter, ils donnent à Israël l argent, vous allez contribuer au genocide",tiktok,@kfc,2026-01-02T19:39:54.161091,0,None,None,None,None,None,None,True
2727,662272,"Le personnel est un point fort, parking bien géré, service impeccable, personnel professionnel et accueillant, temps d'attente raisonnable. Côté cuisine, les plats sont généreux, le pain maison est excellent, l'eau et les olives offrentes un geste marketing sympa le poulet est très bon, les viandes sont tendres mais j'en ai mangé des meilleures, dans l'ensemble c'est correcte mais pas exceptionnel. La salle est grande quasiment remplie, trop de bruit à mon goût, ca n'a rien à voir avec le restaurant calme ou on se pose pour déguster. Dommage que le menu ai changé, pas de menu enfant, ni brochettes de grillades. Autre point à souligner, la propreté des lieux et des sanitaires. Concernant les prix, ce sont les mêmes que dans les restaurants du même standing, je trouve que le prix est plus justifié par la qualité du service que la cuisine.",Google Maps,HichamCook Grill House,2023-05-13T21:40:35.397Z,8,Appreciation,Appreciation,Appreciation,None,Appreciation,Appreciation,False
58050,400142,La nourriture est bonne oui  le service très long. Par contre le grand problème c les deux serveurs les vieux une vrai catastrophe ils prennent jamais la commande comme le client le veut mais ils mettent se qu’ils veulent eux sans oublié le gérant qui es vraiment impolie avec son staff ( les serveurs jeunes ) devant les clients. Le second gérant Hassan très gentil et accueillant avec tout le monde y compris les serveurs jeunes qui font de leur mieux pour être à la hauteur. Donc conseil les deux vieux sont à bannir et le gérant doit revoir sa façon de parler avec son staff. Bonne continuation  [RECOMMENDATION],tiktok,@la.nouvelle.etoile0,2026-01-02T21:19:29.928769,3,Appreciation,Complaint,Appreciation,None,None,Complaint,False
7608,138041,Je met 2 étoiles pour l'accueil qui était au top et le restaurant qui est magnifique et tres agréable pour un moment en famille. Malheureusement les burger sont pas extra.,Google Maps,American Burger Factory,2025-05-16T01:05:36.486Z,0,Complaint,None,None,None,None,Appreciation,False
7128,400195,"De passage à Alger 4 jours je suis venue manger par hasard , après ce premier arrêt je suis revenue 3 fois ! C était exceptionnel, le goût, la cuisine , l’accueil, le service tout était au top ! Qualiter prix rien à dire ! Continuer comme ça !",Google Maps,Restaurant À Petit Feu,2025-05-01T21:20:16.543Z,0,Appreciation,Appreciation,Appreciation,None,None,Appreciation,False
8223,400247,"Je ne recommande absolument pas ce restaurant. Ce fut l'une des pires expériences culinaires que j'ai vécues : Les plats sont arrivés froids, et le goût était loin d'être à la hauteur comme prévu dans les vidéos et les postes sur Instagram. Les sandwichs étaient pleins de sauces et de fromage de mauvaise qualité. La viande avait une texture caoutchouteuse et un goût désagréable. La poutine et les sandwichs contenaient beaucoup trop de poivrons, ce qui donnait l'impression de manger une chakchouka. Honnêtement, je ne m'attendais pas à payer 700 DA pour un sandwich du فلفل طرشي. Ce restaurant a besoin de revoir la qualité de ses ingrédients et la préparation de ses plats. Je ne reviendrai pas, et je ne le recommande pas.",Google Maps,American Burger Factory,2024-12-15T19:21:14.209Z,0,Complaint,None,Complaint,None,Complaint,None,False
4583,662633,"Je suggere pas du tout , aucun respect , on a était servie 1 heur apres la commande , tout en sachant que 3 table on était servie avant nous tt en sachant quils sont venu apres nous cest grave tres grave meme , a déconseiller . Et le pire dans l'histoire c'est que le propriétaire a entendu tt l'histoire et il s'en fouté carrément. Voila",Google Maps,هشام كوك بيتزا,2023-12-08T21:54:46.417Z,3,None,Complaint,Complaint,None,None,Complaint,False
6451,662651,"C t bon mais il y avait trop de monde, le service était lent.",Google Maps,Casbah Istanbul,2018-07-28T12:02:09.441Z,1,Appreciation,Complaint,Appreciation,None,None,None,False
7135,924890,"On a mangé en famille dans ce restaurant, le 19/04/25. On a été bien accueilli, on a été déçu du service, vu que le service n’est pas très professionnel… on a commandé, entre autres, des frites, et des boissons, qui ont été servis en fin de repas qu’on a donc pas accepté de prendre … et ceci malgré des rappels récurrents aux serveurs. Pas de geste commercial ni d’excuses.",Google Maps,Restaurant À Petit Feu,2025-04-20T09:04:29.304Z,0,Complaint,Complaint,Complaint,None,None,Complaint,False
44332,662799,500 الف قعدة في 10 فينا الارنب البري أو لي زابا اونسوس حادرين مع الجو أو لهوا نقي عن البربر اتحتث  ربي عاونكم [APPRECIATION],tiktok,@dzforestrestaurants,2026-01-02T20:11:47.144735,0,None,None,None,None,None,None,True
5832,924960,"J'ai mangé que le Kunefe et la glace avec ma famille. Le service était correct même si j'ai vu quelque chose qu'un serveur a fait pour une autre table que j'ai trouvé moyen. La kunefe n'était pas vraiment super. Le fromage inexistant et ce n'est pas celui de la kunefe, le sirop était froid et la glace. C'était une glace a la vanille qu'on trouve en super marché. Même dans le 91 on trouve mieux. C'est dommage.",Google Maps,Casbah istanbul,2025-08-08T17:06:27.080Z,0,Complaint,None,Complaint,None,None,Appreciation,False
35594,400681,"vraiment c'est pas ça du tout je suis allé j'ai été très déçu c'est cher, fade, et pas copieux du tout",tiktok,@sinai,2026-01-02T19:28:17.247616,0,Complaint,None,Complaint,None,Complaint,None,False
4924,269641,"Pizza infect, aucun gout, je vous le déconseille, ils devraient arreter de faire des pizzas.",Google Maps,Hicham cook pizza pasta,2020-11-14T19:14:34.237Z,2,Complaint,None,None,None,None,None,False
3705,269663,"Nice place but the food was not good, we ordered cheeseburgers they were awful.",Google Maps,Laurel Restaurant,2024-11-13T07:42:03.310Z,1,Complaint,None,Appreciation,None,None,None,False
6076,400754,"L'accueil est absolument lamentable! On cours après les serveurs. Pas un sourire, pas de un mot agréable. Ils sont d'une indifférence insupportable. Vous regardent de haut et vous font sentir qu'il est temps de partir. Les plats sont corrects mais la considération du client est à revoir complètement.",Google Maps,Casbah istanbul,2024-07-13T00:00:28.401Z,0,Appreciation,Complaint,Complaint,None,None,Complaint,False
4718,269730,"Voulant retester le nouveau américain dinner après sa réouverture, j'ai pris deux pizzas ( on été deux) la première 4 fromages en feu du bois et la deuxième beef américaine Les deux pizza étés fades , pas de goût spécial , une pizza basique Par contre les frites étaient très bonne À déconseiller pour les amateurs de pizza Il est loin du fameux américain dinner de 2019 C'est dommage",Google Maps,Hicham cook pizza pasta,2023-12-03T19:56:54.835Z,0,Complaint,None,Complaint,None,None,None,False
4823,269885,"Le service était bon, le serveur très agréable et disponible. Cependant le menu n'a presque plus rien a y avoir avec un ""Diner"" américain. Je ne pense pas qu'on se déplace vers un ""American diner"" pour manger du poulet à l'indienne ‍",Google Maps,Hicham cook pizza pasta,2022-07-23T12:49:39.303Z,2,Complaint,None,Complaint,None,None,Appreciation,False
7882,532058,on etait 4 a table 3 ont commandes des plats et une a commander une pizza la pizza est arrivé quand les plats ont etaient fini donc beaucoup de stresse,Google Maps,Restaurant À Petit Feu,2023-06-04T21:09:56.459Z,1,None,Complaint,None,None,None,None,False
2217,400995,C'est vrai que c'est beau que le service est bien et que c'est bon mais nahiw mahrez de l'entrée il n'est pas dutout sympa 9alelna ya pas plus de place roho lel dwiret el 3ez après il nous a dit dabro raskoum win tgariw,instagram,teyr_ellil,2025-03-25T21:43:31.000Z,8,Appreciation,None,None,None,None,Recommendation,False
37512,138923,il fait beau prix firr welah il fait de beaux prix je vais venir nchalah avec ma mère j'aime bien c'est plat  [APPRECIATION],tiktok,@restaurant.madala,2026-01-02T19:34:56.280209,1,Appreciation,Appreciation,Appreciation,None,None,Appreciation,False
11960,270116,Et quand tu vas voir la plaque française immigré le double du prix. en sauce. Yek sahbi,Facebook,Restaurant San Benito,2025-10-12T17:50:11.000Z,0,None,None,None,None,None,None,True
5870,270141,Food served very cold. Quality downgraded. Very expensive for nothing. I recommend to avoid it. Sunday 5th October around 9PM - Bab Ezzouar Mall,Google Maps,Casbah Istanbul,2025-10-06T21:08:54.043Z,0,Complaint,None,Complaint,None,Complaint,None,False
44528,663401,Pour toi parce que en France tu peux pas te permettre de les manger !,tiktok,@dzforestrestaurants,2026-01-02T20:11:55.384169,0,None,None,None,None,None,None,True
5874,532373,"Quelle déception ! Le restaurant s’est vraiment dégradé entre 2021 et aujourd’hui. Avant, la nourriture était savoureuse, les portions généreuses et l’accueil impeccable. Mais désormais, le goût n’est plus au rendez-vous, les quantités sont réduites et les prix sont devenus exorbitants. Pire encore, l’accueil est catastrophique : les serveurs passent autour des tables en insistant pour qu’on libère la place, alors même qu’on n’a pas encore fini de manger, juste pour faire entrer d’autres clients. Franchement, à éviter.",Google Maps,Casbah Istanbul,2025-09-08T20:51:04.770Z,0,Complaint,Complaint,Complaint,None,Complaint,Complaint,False
8046,270255,"L'endroit est joliment décoré, y a plein de verdures on adore , trois niveaux avec des styles différents. L'acceuil est top Le service est bien mais très long entre l'entrée et les plats on attendu longtemps au point où je n'avais plus envie de manger . Les plats sont très copieux mais le goût manque c'est un peu fade , revoir vos recettes ! J'ai du laissé la moitié de l'assiette. Les prix sont alignés a tous les restaurants. En espérant une amélioration sur qualité des plats le goût +++++on reviendra inchallah entre amis ou famille l'ambiance est bonne . A bientôt.",Google Maps,Restaurant À Petit Feu,2023-01-03T11:48:22.675Z,4,Complaint,Complaint,Appreciation,None,Appreciation,None,False
10751,270448,Baghi nafham c'est quoi rouget de roche c'est sérieux,Facebook,"  Restaurant elassil








",2025-12-17T14:54:08.000Z,0,Inquiry,None,None,None,None,None,False
4513,139481,"Very bad experience, we spent 2 hours waiting to sit, the food was not good and service same. Was my first and last time, will never go there again.",Google Maps,هشام كوك بيتزا,2023-12-29T08:09:16.709Z,0,Complaint,Complaint,Complaint,None,None,Complaint,False
3917,663842,"A déconseiller, vous commandez une tarte pour 6 personnes, on vous livre une, très minuscule ne suffirait même pas pour 3 personnes pour un prix exorbitant, plus les frais de livaison, l'arnaque pure et simple.",Google Maps,L’Alchimiste Pâtisserie,2022-10-31T12:40:46.210Z,4,Complaint,None,Complaint,Complaint,Complaint,None,False
8637,663862,"Les burgers sont succulents mais un peu gras. Je conseille de les consommer sur place, ils seront bien meilleurs. Les frites sont trop croustillantes, je ne sais pas si c’est dur surgelés ou pas. le service rapide malgré un monde de fou. Je recommande pour un cheat meal parfois mais pas tjr , pay attention lol",Google Maps,American Burger Factory,2022-03-12T00:45:53.784Z,9,Complaint,Appreciation,Appreciation,None,None,None,False
2468,401720,"Assez bonne expérience La nourriture était très bonne , j'ai pris un espadon grillé c'était vraiment exquis Bourek bien garni et une bonne chorba. Le rapport qualité prix est très correcte. Seul point négatif c'est l'espace, je m'attendais a un restaurant assez spacieux, mais c'était petit, les tables sont très très proches les unes des autres ce qui était gênant ! À mon avis Hicham cook pizza de cheraga est mieux conçu pour un restaurant avec ces deux terrasses Mais Celui de ouled fayet convient a des pizza.",Google Maps,HichamCook Grill House,2024-07-21T20:48:43.163Z,0,Appreciation,None,Complaint,None,Appreciation,None,False
3620,139601,"Franchement, j’ai arrêté d’aller chez Laurel ces derniers temps, tout simplement parce que les prix ont beaucoup augmenté. C’est vraiment dommage, parce que je ne pense pas être le seul à l’avoir remarqué — ils ont sûrement perdu pas mal de clients à cause de ça. Par exemple, la salade César que je prenais tout le temps a pris plus de 400 DA : elle coûtait autour de 800–950 DA, et maintenant c’est beaucoup trop cher pour ce que c’était. Mais malgré ça, je ne peux pas nier que ça reste un endroit exceptionnel. La terrasse est magnifique, l’ambiance toujours agréable, et le service impeccable. Leur salade César reste pour moi la meilleure que j’ai mangée en Algérie, et la pizza est aussi excellente. Et surtout, la musique d’ambiance est juste incroyable — du Alain Delon, Dalida, et plein d’autres classiques qui créent une vraie atmosphère unique. En résumé, Laurel reste un café que j’adore, même si j’espère sincèrement qu’ils réajusteront les prix pour que ça redevienne comme avant.",Google Maps,Laurel Restaurant,2025-10-15T13:08:18.456Z,0,Appreciation,Appreciation,Appreciation,None,Complaint,Appreciation,False
6106,270808,"Je n'ai pas du tout apprécié, les frites étaient crues, le poulet trop sec même pas une petite sauce pour l'accompagner. Bref première et dernière fois",Google Maps,Casbah istanbul,2024-01-24T13:19:49.752Z,0,Complaint,None,None,None,None,None,False
6399,139749,"Acceuil froid, endroit trop bruyant, espace partagé avec d'autres restaurants et en plus très cher.",Google Maps,Casbah Istanbul,2019-07-13T19:18:21.642Z,0,Complaint,None,Complaint,None,Complaint,Complaint,False
64638,270834,on one même pas resté devant sa porte. que des bourrés qui gâche tt,tiktok,@cintra,2026-01-02T21:34:55.128020,1,None,None,Complaint,None,None,None,False
6810,139842,En voyant la jolie terrasse on a voulu tester mais c'était pas a la hauteur de mes attentes. En entrant on doit passer notre commande a la caisse avec un grand menu sur le mur après j'ai pas aimé ce point. Une fois la commande faite on nous donne un Bipper pour récupérer nous même notre commande 2eme mauvais point. Peut être ce concept convient au jeune mais moi j'ai pas aimé . Le goût était bofbof on a mangé mieux. Le point positif c'était rapideet jolie terrasse.,Google Maps,American Burger Factory,2025-08-02T01:27:04.634Z,0,Complaint,Complaint,Complaint,None,None,None,False
8610,402167,"j'ai essayé american Burger, j'ai demandé un Forest, la déception se n'étais pas à la hauteur de mes espérances, les oignons sont Cru et non caramélisés, trop trop de laitue, bref c'est loin des 500 da que j'ai payé",Google Maps,American Burger Factory,2022-06-14T22:44:31.960Z,3,Complaint,None,None,None,Complaint,None,False
7783,140028,"Des employés qui vous ricanent au visage, service lent, très mauvaise fréquentation à l'image de ceux qui travaillent dans ce lieu ! Je n'ai qu'une seule chose à dire FUYEZ! Si on pouvait noter sur Google moins qu'une étoile je l'aurais fait.",Google Maps,American Burger said hamdine,2023-03-15T14:46:31.558Z,1,Complaint,Complaint,Complaint,None,None,Complaint,False
63088,140029,"le mot clé de la vidéo ""ننصح الناس لي جايين من خارج الوطن"" بالعربية عندك اورو ارواح، ولا حمي جيبك مليح خاطر كما يقولو tu VAS laisser de plumes",tiktok,@allechante,2026-01-02T21:31:04.202465,0,None,None,None,None,Complaint,None,False
37112,271112,"les prix dans la région de la basse kabyle c'est minimum 1700DA, partout dans les restos",tiktok,@restaurant.madala,2026-01-02T19:34:44.959961,1,None,None,None,None,Complaint,None,False
1072,271155,Je suis morte de rire la description de l'Algérien qui met tout et n'importe quoi dans un croissant  bravo pour le concept [APPRECIATION],instagram,imstarvingfood,2025-03-14T08:20:10.000Z,0,None,None,Appreciation,None,None,None,False
4038,271177,"Visité le 12/8/2025 le gout a changé, la qualité des produits utilisés. Servi sans couverts. meme quand on a demandé notre serveur etait pre occupé à nettoyer les tables malgré la salle est a moitié vide. On a cherché nous meme nos couverts par le chef de salle. boissons chaudes On demande des glaçons ça prend plus de 15 min, service etait lent pour avoir les plats pour tout les membres de ma famille avec un plat oublié et non réclamé par le serveur. C’est notre 2 eme fois qu’on est servi par ce serveur lent et maladroit. salle gauche et en terrasse c’est encore pire Ancien avis y’a 7 mois : (Pate poulet champignons… bon … mais les champignons n’ont pas de la même qualité d’avant. Gout des champignons en boite sauf les 2 champignons du dressage. Je suis déçue surtout je viens de la rive nord de la mediteranée rien que pour savourer ce plat. Mais je donne 5 etoiles pour le reste. Surtout les serveurs. )",Google Maps,هشام كوك بيتزا,2025-08-13T15:40:30.870Z,0,Complaint,Complaint,Complaint,None,None,Complaint,False
54588,926860,fiha braquage. braquage de fritte appelez la police. ya madame barquette mech braquage. parlez en Arabe ou bark.,tiktok,@meryam_officiel,2026-01-02T21:10:41.116232,2,Complaint,None,Recommendation,None,None,None,False
44518,927092,"je mets ma main à couper que si le prix des automobile serait le même en France qu'en Algérie tous les français prendrais le métro , ne vous fiez pas au smic ils savent faire de l'argent. bien sur il y a des miséreux partout .",tiktok,@dzforestrestaurants,2026-01-02T20:11:55.384161,0,None,None,None,None,None,None,True
69640,273088,ASSALAM. . ENTA. HADA. AALACH. MEDIOUR. EHHHHH. A WAHRAN. CHARAKI. RAFDA,tiktok,@cote_oran,2026-01-02T21:58:05.599072,0,None,None,None,None,None,None,True
2849,535652,On a voulu découvrir le restaurant mais a notre arrivée on nous a informé qu'il fallait réserver. ?,Google Maps,HichamCook Grill House,2022-11-26T00:16:17.152Z,4,None,None,Complaint,None,None,None,False
24262,797810,"wallah une catastrophe par expérience khessaret drahem et mm le service t9il , j étais choquée",tiktok,@spotter.dz,2026-01-02T18:27:30.837005,0,None,Complaint,Complaint,None,Complaint,Complaint,False
36156,666799,"j'ai commandé une fois chez eux c'est une horreur , le. couscous une catastrophe les briques catastrophe et jia payé 80 euro pour du pipo je ne le recommande pas du tout",tiktok,@sinai,2026-01-02T19:28:36.581705,0,Complaint,None,Complaint,Complaint,Complaint,None,False
7253,928972,"Prix un peu abusé, très peu de quantité dans les plats, la pâte du pizza très lourde. J'ai pas trop aimé",Google Maps,Restaurant À Petit Feu,2024-09-23T10:12:23.743Z,0,Complaint,None,Complaint,None,Complaint,None,False
6021,142559,La salade césar n'avait rien avoir avec une salade césar. Les plats étaient fades.,Google Maps,Casbah istanbul,2024-12-28T20:14:12.637Z,0,Complaint,None,None,None,None,None,False
60752,666862,magnifique j'irai cette été pourtant je ne les pas vue c'est belle endroit j'ai vue hôtel saraidi qui est très jolie mes très mal entretenu,tiktok,@seraidi.live.z,2026-01-02T21:22:57.443495,0,None,None,Appreciation,None,None,Complaint,False
10569,273647,خليل رحماني معليش 20مرقاز 5الف للحبة تساوي 100الف و 50 بروشات يديروها 3الف تساوي 150الف جاج 100الف فريت 20الف كمونبير معليش نديروه هذاك تاع 10الف تبيعو 50الف الغازوز 20الف لحميس 20الف راه للحساب بزيادى طلع شحال 460الف بزيادى نتا مريض حاب درلنا العاب الخفة واقيل,Facebook,Dz Forest Restaura,2025-10-13T09:27:59.000Z,0,None,None,None,None,Complaint,None,False
625,666898,"Ns sommes venus deux fois mais le gars avec le bandeau ""caissier"" s'est mal comporté en nous disant toujours qu'il n'y avait pas de monnaie et quand nous demandions de la monnaie il nous faisait attendre et faisait des regards à son ami comme si nous la suppliions aussi la nourriture était froide",instagram,budz.dz,2024-10-26T00:27:27.000Z,2,Complaint,None,None,None,None,Complaint,False
2284,273712,16 نوفمبر 2025 شقيتلو و الحمد لله مندمتش المكان بعيد و في مكان يبان عادي الأكل حاجة مضيفة و بنين 10/10 القعدة حاجة مليحة بزاف مع أخد صور المعاملة ممتازة والمكان جد محترم الاسعار معقولة لي يحوس على مطعم مشهور انا طلبت 2 اطباق و طبق دخلة كروفاث صوص طمامط مع مشروبات غازية خلصت حوالي 6000 دج,Google Maps,HichamCook Grill House,2025-11-17T09:46:57.470Z,0,Appreciation,Appreciation,Appreciation,None,Appreciation,Appreciation,False
16952,273741,fallait tout simplement la sortir du restaurant et appeler la police ! point !,tiktok,@user5834669559361,2026-01-02T18:10:52.141238,2,None,None,Complaint,None,None,None,False
7477,273745,"Pizza viande hachée tres bonne 8, 5/10 Wok au poulet : pas bon 3/10 La propreté dans le restaurant : 2/10( escaliers pas propres, il faut nettoyer derriere les pots de plantes, des restes de nourritures sous les tables et dans les escaliers ) Le restaurant se degrade  Les serveurs qui discutent de leurs problèmes à haute voix au milieu de la salle  Le monsieur à l’accueil hayal 20/10 Le jeune de la caisse gentil [COMPLAINT] [RECOMMENDATION]",Google Maps,Restaurant À Petit Feu,2024-06-10T12:12:06.408Z,1,Complaint,Appreciation,Complaint,None,None,Complaint,False
5084,536013,"Kunnafa très nul degeuelasse en plus le prix a vraiment augmenté de ouf c’est quoi ça ! Y’avait une certaine blonde à l’entrée on voulait s’asseoir côté fenêtre elle nous as très mal parler , je pense son nom c maram ou mariam . si non le serveur algérien était très sympa je remettrai plus jamais les pieds là-bas ! Je vous déconseille",Google Maps,Casbah Istanbul القصبة اسطنبول,2025-09-06T21:46:31.524Z,0,Complaint,None,Complaint,None,Complaint,Complaint,False
1886,404955,⁨ليكيب معلومة اضافية و مهمة ، لا كوموند لازم ديرها في la caisse باش يمدولك beeper ‎ باش كي توجد لا كوموند يصونيلك ⁩ [APPRECIATION],instagram,snacky_time_kouba,2025-07-27T18:21:48.000Z,5,None,None,None,Recommendation,None,None,False
10713,142837,خليل رحماني حشالكم الله غالب . هههه بصح هدي مهيش نورمال 500 الف ؟؟؟؟ نشري نص كيلو لحم هبرة 150الف نص كيلو مرڨاز 70 الف كيلو سكالوب 80الف نص كيلو ليزابا 60 الف جاجة 80 الف نشري قرعة ڨازوز 15 الف 3كيلو بطاطا 20 الف فرماج وبيض 20 الف والعائلة الكريمة كامل تاكل الله يبارك ماشي زوج بروشات تاع الشحمة محروقين غير لعواد تقول 500 الف,Facebook,Dz Forest Restaura,2025-10-13T23:51:42.000Z,0,None,None,None,None,Complaint,None,False
30594,404983,25 minute d'Alger Centre c'est tou. vous allez jamais regretté Chez gazouza. en mange bien a petit prix. et meilleurs kounafa et crêpe bcp de réussite inchallah,tiktok,@gazouzafood2019,2026-01-02T19:05:30.032253,1,Appreciation,Appreciation,Appreciation,None,None,Appreciation,False
5813,142873,"J’étais déjà venu dans ce restaurant et je n’avais pas été déçu. Cette fois, je n’ai pas aimé la grande assiette de Metze. Ils ont clairement oublié les metze traditionnels et les ont remplacés par des louches de yaourt. On parle quand même d’une assiette à 2600DA, ça fait cher le yaourt. Nous avons commandé 3 Mojitos. On a eu le droit à du concentré de citron avec une paille. Et puis on peut décider de ne servir que des bouteilles d’eau de 50cl pour gonfler la note mais il faut y associer la qualité . Le point positif, nous étions en terrasse et le personnel était poli. Maigre lot de consolation. Il faudrait revoir les bases de la cuisine turque, Casbah Istanbul.",Google Maps,Casbah istanbul,2025-09-28T05:47:05.149Z,0,Complaint,None,Appreciation,None,Complaint,Appreciation,False
5376,929357,The quantity of the iskander kebab has decreased in the dish according to the last times. and the taste was different a little bit i dont know why? As for the burgul it was fine My partner's dish was good The kunafa was amazing not too sweet and a good quantity of cheese inside overall i enjoyed the food Casbah ISTANBUL is always a good idea,Google Maps,قصبة اسطنبول,2024-01-18T19:59:23.326Z,1,Complaint,None,Appreciation,None,None,None,False
6161,274014,"C’est la cantine avec des prix de resto étoilé, Déception assurée. Viandes fade pas cuite, pain de la veille, . A éviter absolument.",Google Maps,Casbah istanbul,2023-08-07T09:46:59.743Z,0,Complaint,None,None,None,Complaint,None,False
7003,405134,"On a passé un agréable moment avec un service très professionnel, attentionnés , la rapidité , la propreté , tout été à la hauteur , je l’es remercie et une mention spéciale à Mounir  [APPRECIATION]",Google Maps,American Burger said hamdine,2025-06-01T19:21:08.469Z,0,Appreciation,Appreciation,Appreciation,None,None,Appreciation,False
48876,798369,"Pour mieux faire les choses on ne dit pas à péter, on dit appétit",tiktok,@le77tizi,2026-01-02T20:38:55.682646,0,None,None,Recommendation,None,None,None,False
23258,798511,يا الجزائر، يا سيدة المغرب العربي، يا أرضاً إذا ذُكرتْهبّالتاريخ واقفاً احتراماً. فيكِ امتزج البحر بملح البطولة، والصحراء بوقار الصبر، والجبال بثبات الرجال. وشعبكِ… أهل النخوة إذا اشتدّت الخطوب، وأهل الكرم إذا نزل الضيف، وأهل القلب الأبيض الذي يفتح أبوابه قبل كلماته. في وجوههم دفء، وفي لهجتهم موسيقى، وفي روحهم كبرياء لا ينحني. يا الجزائر، لك من الغزل ما يليق بحسنك، ولشعبك من المديح ما يوافق طيب معدنهم، فأنتِ الحُسن إذا تُرجِم وطناً، وهم الطيبة إذا تجسّدت بشراً,tiktok,@le_perchoir,2026-01-02T18:25:24.838293,0,None,None,None,None,None,None,True
5506,667512,"Très bon restaurant avec une très bonne cuisine, et même si leurs plats se ressemblent au goût ça reste excellent, d'ailleurs quand j'y retourne c'est pas pour expérimenter une nouvelle saveur mais pour les mêmes plats que je prends tellement c'est bon.",Google Maps,قصبة اسطنبول,2023-02-18T11:00:11.577Z,0,Appreciation,Appreciation,Appreciation,None,None,Appreciation,False
6822,798685,"Petit restaurant mais Le hamburger était vraiment délicieux, surtout le Forest qui était un vrai régal. Nous avons aussi été très bien servis par Mounir, merci à lui pour son accueil chaleureux. Merci à toute l’équipe !",Google Maps,American Burger said hamdine,2025-07-29T20:16:55.740Z,0,Appreciation,Appreciation,Appreciation,None,None,Appreciation,False
8757,274444,"Des hamburgers excellent, surtout le Holandia. Des tacos poulet aussi pas mal. Par contre Le service est un petit peu long. Une augmentation des prix ressenti.",Google Maps,American Burger Factory,2020-02-16T20:01:40.808Z,0,Appreciation,Complaint,None,None,Complaint,None,False
2029,405590,"Je dois vous dire que je suis vraiment déçue par ce que je viens de voir. J’ai remarqué que vous avez publié un produit qui est exactement le même qu’une autre page, et je trouve cela vraiment dommage. La page originale a réussi à créer quelque chose d’unique et magnifique, et vous aussi avez déjà prouvé que vous êtes douéssdans votre domaine, notamment avec vos liar cakes exceptionnels. Alors je me demande : pourquoi copier ce qui a déjà été fait alors que vous avez déjà votre propre identité et votre talent ? Pourquoi mélanger et toucher à tous les domaines au point de reproduire le travail des autres ? Ce n’est pas de la diversité ou de la variété, c’est un copier-coller qui, malheureusement, dévalorise votre travail et celui des autres. Je vous encourage sincèrement à rester dans ce que vous faites de mieux, à innover dans vos créations, à continuer à surprendre avec vos pièces montées et vos designs uniques. Vous avez déjà un vrai potentiel, et il serait dommage de le diluer en reprenant ce qui appartient à quelqu’un d’autre. Créons plutôt, inspirons plutôt que de copier.",instagram,the____bakery,2025-10-14T18:13:07.000Z,4,None,None,Complaint,None,None,Complaint,False
3933,536662,"Il faut savoir que les prix sont vraiment cher mais rien a dire la finition est parfaite tout est maitrisé, la creme est bonne, sa texture, pas tres sucré juste ce qu'il faut, le glacage fin et croquant. Rapport qualité prix 8/10",Google Maps,L’Alchimiste Pâtisserie,2022-03-03T13:39:49.877Z,1,Appreciation,None,Appreciation,None,Complaint,None,False
18106,405622,la bouffe 0000 le service très long li yrouh maywalich ghire la déco li taslah,tiktok,@casabelladraria,2026-01-02T18:14:53.728494,9,Complaint,Complaint,Appreciation,None,Complaint,Complaint,False
3042,798895,"J'ai manger dans ce restaurant indien et tout était au top ! L'accueil était chaleureux, l'endroit agréable, et le personnel vraiment attentionné. Les plats étaient délicieux. Étant de passage en Algérie, j'ai aimer ce restaurant et je le recommande vivement à tous ceux qui cherchent une bonne expérience culinaire .",Google Maps,تاج محل بن عكنون,2024-12-20T22:02:24.669Z,0,Appreciation,Appreciation,Appreciation,None,None,Appreciation,False
8259,798964,"Les serveurs font que bavarder à haute voix et quand tu leur demandes quelques choses t9ol rak tetleb 3lihom il ne font pas leur travail , une fois j’ai fait une commande par téléphone il ont annulé sans me prévenir alors que 9alouli dok chuia tlhe9",Google Maps,American Burger Factory,2024-09-14T11:22:14.321Z,0,None,None,None,Complaint,None,Complaint,False
3978,667935,C'était bien sympa sauf que le service était un peu trop long mais en général c'était pas mal et j'y retournerai avec grand plaisir.,Google Maps,هشام كوك بيتزا,2025-12-07T23:41:56.452Z,0,None,Complaint,Appreciation,None,None,None,False
5140,799015,"Accueil très chaleureux, Cuisine très moyenne à part la viande qui était assez bonne , les frites pas cuites et froides . Le bougroul très fade . La musique assourdissante , toilette avec plein de papiers jetées par terre . La musique m’a cassé la tête . Je voulais profiter d un moment de détente et de calme . Le mr turque m a répondu , normal c est un restaurant. Et à laisser les hurlements de la chanteuse qu il devait sans doute apprécier",Google Maps,قصبة اسطنبول,2025-07-25T16:58:25.918Z,0,Complaint,None,Complaint,None,None,Appreciation,False
6147,799040,"Les plats sont préparés d'avance donc sont froids et secs, les serveurs aussi sont froids pas de sourire, qualité gustative des plats est nulle avec trop des épices et forte acidité",Google Maps,Casbah Istanbul,2023-02-12T20:11:57.812Z,0,Complaint,None,Complaint,None,None,Complaint,False
5653,668050,Lieu charmant et plats copieux qui sont assez fidèles à ceux servis en Turquie. Le prix reste assez élevé mais la qualité est là. Petit bémol lors du paiement où on a l'impression que les serveurs forcent un peu la main pour obtenir un pourboire.,Google Maps,Casbah Istanbul القصبة اسطنبول,2022-09-11T20:17:28.048Z,0,Complaint,None,Appreciation,None,Complaint,Complaint,False
24630,405959,Le meilleur endroit sur Alger  j’adore la vue les chambres sont nickels la piscine est sympa  [APPRECIATION],tiktok,@laturquoisehotel,2026-01-02T18:30:17.426543,3,Appreciation,Appreciation,Appreciation,None,None,Appreciation,False
7234,668162,"Les plats sont très chers, mais ni la quantité ni la qualité, il ne sont pas du tous bon, leur riz m'a donné une envie de vomir, très mauvaise expérience",Google Maps,Restaurant À Petit Feu,2024-10-26T19:30:13.512Z,0,Complaint,None,Complaint,None,Complaint,None,False
8244,799266,"Bonsoir, Le service est bien mais en ce qui concerne la bouffe tout ce que j’ai aimé c’est les frites, le reste est immangeable (je suis désolé).",Google Maps,American Burger Factory,2024-10-17T18:01:06.125Z,0,Complaint,None,Complaint,None,None,Appreciation,False
27536,799297,Thala c’est la fontaine en Kabyle. Ça peut aussi être un nom du village mais principalement c’est une fontaine du village  [APPRECIATION],tiktok,@thala,2026-01-02T18:44:49.407779,1,None,None,None,None,None,None,True
5907,275016,"J’ai testé Casbah Istanbul et j’ai grave kiffé. La bouffe est globalement super bonne. Grosse mention spéciale pour l’ambiance turque à 100 % : la déco, la musique, tout y est, on se croirait vraiment à Istanbul ! Leur mojito aussi super frais et bien fait. Petit bémol j’ai goûté leur houmous et j’ai pas trop accroché… je le mange ailleurs et je le trouve bien meilleur là il manquait un peu de goût à mon avis.",Google Maps,Casbah Istanbul,2025-06-17T09:46:33.505Z,0,Appreciation,Appreciation,Appreciation,None,None,Appreciation,False
43740,930481,"Autrement dit 1/2 million, le salaire moyen c’est 3 millions soit un 1/6 d’un salaire pour un repas c’est aberrant !",tiktok,@dzforestrestaurants,2026-01-02T20:11:27.904466,1,None,None,None,None,Complaint,None,False
6309,799418,"Points positifs : -endroit propre, -personnel agréable. -service rapide. -bon rapport qualité/quantité /prix. -les plats sont bons et la kunafe excellente. Points négatifs : -des fois y'a trop de monde donc il faut attendre dehors '' debout''. -les serveurs te pressent pour débarrasser, dés que tu fini, ils débarrassent, limite ils t' enlèvent la cuillère de la bouche, et leurs va et vient sans cesse sont '' stressent ''.",Google Maps,Casbah Istanbul,2021-10-05T21:22:50.525Z,19,Appreciation,Complaint,Appreciation,None,None,Appreciation,False
6187,668350,Il y a une femme a quarantaine au niveau de caisse elle antipathique,Google Maps,Casbah Istanbul,2022-09-25T16:01:03.820Z,0,None,None,None,None,None,Complaint,False
2966,799446,"Service trop trop long je lance ma commande d, un kebab à la crème qui arrive après 1h de retard sans crème ni aucune sauce (yefrini sec) je leurs ai laissé leur assiette et leur arnaque alors là les prix ! نااار",Google Maps,HichamCook Grill House,2022-03-19T20:44:47.219Z,17,Complaint,Complaint,None,None,Complaint,None,False
4128,144091,"On pris des pizzas: viande, poulet et merguez pour 1100da chacune, La pizza n été pas vraiment bonne surtt voir son prix qui a ete a mon avis hyper cher Le service été rapide et personnel tres souriant merci a eux",Google Maps,هشام كوك بيتزا,2025-01-04T12:41:39.123Z,0,Appreciation,Appreciation,None,None,Complaint,Appreciation,False
4625,144139,Poulet fade sur la pizza pas de goût rien de fameux franchement mauvaise expérience Désolé si sa ne plaît pas sa n est pas pour faire de la mauvaise pub,Google Maps,Hicham cook pizza pasta,2025-09-06T18:45:46.830Z,0,Complaint,None,None,None,None,None,False
2989,930639,"Voici mon avis pour Restaurant Taj Mahal – Ben Aknoun > Une très belle expérience culinaire au Taj Mahal Ben Aknoun ! Le restaurant offre un véritable voyage en Inde, tant par le décor que par les saveurs. L’ambiance est chaleureuse, bien pensée, avec une musique douce et une atmosphère dépaysante. Le personnel est accueillant, attentif et toujours disponible pour expliquer les plats et conseiller selon les goûts. La carte est variée, proposant un large choix de spécialités indiennes : currys, biryanis, naan, tandoori… tout est savoureux et parfaitement épicé. Les plats sont généreux, bien présentés et préparés avec des produits de qualité. Mention spéciale pour le butter chicken et le cheese naan, tout simplement délicieux. Le service est fluide et les prix restent raisonnables compte tenu de la qualité et du cadre. En résumé, le Taj Mahal Ben Aknoun est une adresse incontournable pour les amateurs de cuisine indienne authentique à Alger, alliant goût, ambiance et professionnalisme.",Google Maps,تاج محل بن عكنون,2025-10-17T20:26:12.387Z,0,Appreciation,Appreciation,Appreciation,None,None,Appreciation,False
38944,930640,au KFC en Algérie nouveau menu qui cartonne : pattes de poulet rôti avec des frites et une canette selecto,tiktok,@kfc,2026-01-02T19:40:00.958390,0,None,None,None,None,None,None,True
