comment_id,platform,user_name,comment_text,date,likesCount,post_id,post_url,source_name,final_id
7598565406336516886,tiktok,oum mouhemed,🥰🥰🥰,2026-01-24T11:29:40.556840,0,9610050,https://www.tiktok.com/@american_burger_dz/video/7598552125819456776,American Burger,91dac6b304
7595926352332096267,tiktok,Les Délices De Walid,The idea 👏🏻,2026-01-24T11:29:57.123434,2,13443273,https://www.tiktok.com/@american_burger_dz/video/7595704143935786247,American Burger,6b8645e84a
7595704735508824855,tiktok,raouf ghagha,😁😁😁,2026-01-24T11:29:57.123447,2,13443273,https://www.tiktok.com/@american_burger_dz/video/7595704143935786247,American Burger,852fe478b6
7595718860462326584,tiktok,ROS’🐺,@y’🌴 mchi convoqué lyoum ?,2026-01-24T11:29:57.123449,1,13443273,https://www.tiktok.com/@american_burger_dz/video/7595704143935786247,American Burger,d5c3b62618
7595725486781989650,tiktok,sifouuubld,@le 💎R💎 mt9l9ch brk hbb😂,2026-01-24T11:29:57.123451,0,13443273,https://www.tiktok.com/@american_burger_dz/video/7595704143935786247,American Burger,ed37f65514
7592375525583651605,tiktok,mahdi rck,نهار السبت إن شاء الله 😂😂,2026-01-24T11:30:12.701914,2,7165543,https://www.tiktok.com/@american_burger_dz/video/7592369816309075208,American Burger,d16c548b39
7593120114255037191,tiktok,LÔõö LÃaª,وين جاي ؟؟,2026-01-24T11:30:12.701935,1,7165543,https://www.tiktok.com/@american_burger_dz/video/7592369816309075208,American Burger,fea19a5aaa
7592371156959970056,tiktok,Da_Di✨🕺💎,ني جاي لول😂😂😂,2026-01-24T11:30:12.701940,2,7165543,https://www.tiktok.com/@american_burger_dz/video/7592369816309075208,American Burger,209d52ec1b
7592397961239151368,tiktok,user6120006140154,😂,2026-01-24T11:30:12.701945,2,7165543,https://www.tiktok.com/@american_burger_dz/video/7592369816309075208,American Burger,9c51b07bcc
7593096941136986901,tiktok,😈HADDADI OUSSAMA 😈,😆,2026-01-24T11:30:12.701950,1,7165543,https://www.tiktok.com/@american_burger_dz/video/7592369816309075208,American Burger,c8975bbe76
7595125936137470742,tiktok,amina mina 🫶,Et oui li yt3ab machi kima li ma yt3abch 3la rzko,2026-01-24T11:30:28.848933,1,278088,https://www.tiktok.com/@american_burger_dz/video/7590121216007015701,American Burger,72df4cfe64
7591172538710147858,tiktok,❤Lilyen❤ch🌹19,انا ندخل نوكل برك بصح نتعامل كي صاحب محل 😂😂تقول نتاعي يقلولك تقول خلهولك باباك 😂 منحبش تبذير,2026-01-24T11:30:28.848948,1,278088,https://www.tiktok.com/@american_burger_dz/video/7590121216007015701,American Burger,f7395994ce
7590366693567988500,tiktok,tacos chpapna,Hhhhhhhhh kayna,2026-01-24T11:30:28.848950,1,278088,https://www.tiktok.com/@american_burger_dz/video/7590121216007015701,American Burger,026f7b5a56
7585452775904183047,tiktok,rafijewel,المشهد الاخير عشته بالحرف الواحد💔,2026-01-24T11:30:44.461813,3633,1218193,https://www.tiktok.com/@american_burger_dz/video/7585305151292902676,American Burger,967cb7a79c
7585495648133743368,tiktok,.....,بالاك الجيل الحالي يديرها أما جيل السبعينات و الثمانينات ما يديروهاش,2026-01-24T11:30:44.461821,1934,1218193,https://www.tiktok.com/@american_burger_dz/video/7585305151292902676,American Burger,f1d89673b5
7598668259583771408,tiktok,أريج الريحان ✨💗,علاه علاه تحيا بلادي🇩🇿🇩🇿🇩🇿🇩🇿,2026-01-24T11:30:44.461823,2,1218193,https://www.tiktok.com/@american_burger_dz/video/7585305151292902676,American Burger,c75774cb48
7585449760425902855,tiktok,Badro,لي مسافرش و مشافش ممكن يصدقكم,2026-01-24T11:30:44.461825,2169,1218193,https://www.tiktok.com/@american_burger_dz/video/7585305151292902676,American Burger,5aa9e80f69
7585484429591888658,tiktok,Lina,Le contraire oui,2026-01-24T11:30:44.461827,552,1218193,https://www.tiktok.com/@american_burger_dz/video/7585305151292902676,American Burger,39e1786a0d
7585516772678714132,tiktok,Mãlak tlmcen,والله البارح سراتلي 😂😂,2026-01-24T11:30:44.461828,19,1218193,https://www.tiktok.com/@american_burger_dz/video/7585305151292902676,American Burger,bd68db5dd5
7585617036370281238,tiktok,chayma 3,لالا مستحيل جيران اديروها كيما حنا مغريبي مستحيل ادرها لله احفظ والد بلادي مغرب 🥰🥰,2026-01-24T11:30:44.461830,46,1218193,https://www.tiktok.com/@american_burger_dz/video/7585305151292902676,American Burger,817ab04687
7585484320962724630,tiktok,Nawwela,اللي رآه يعلق و يقول صح ماشافش الفرنسي في الحقيقة,2026-01-24T11:30:44.461831,211,1218193,https://www.tiktok.com/@american_burger_dz/video/7585305151292902676,American Burger,95d20075b5
7585502283783144200,tiktok,Lilyane ليليان 💎,الحمدلله الوحدة عازة روحها و والديها 🙌🏻 جامي عرفت بنادم ولا خرجت مع بنادم,2026-01-24T11:30:44.461833,178,1218193,https://www.tiktok.com/@american_burger_dz/video/7585305151292902676,American Burger,ee03869891
7585512253912466184,tiktok,نور 💕,واش قال ما سمعتهش مليح ؟,2026-01-24T11:30:44.461834,13,1218193,https://www.tiktok.com/@american_burger_dz/video/7585305151292902676,American Burger,0887ad2ae9
7585465267117359873,tiktok,لن ينسانا الله,اقسم بالله غير كاينة,2026-01-24T11:30:44.461835,57,1218193,https://www.tiktok.com/@american_burger_dz/video/7585305151292902676,American Burger,9b3da08cb1
7595985871897527048,tiktok,Dr Sitouah Imen Gynécologue,Non jamais ♥️,2026-01-24T11:30:44.461836,1,1218193,https://www.tiktok.com/@american_burger_dz/video/7585305151292902676,American Burger,35add5fe40
7585493350133646136,tiktok,Biba Biba,أكثر من هكا لكن كي يكون الشخص الغلط ماشي كامل ولاد الجزائر هكا لا لتعميم كل واحد و شخصيتو ورجولتو,2026-01-24T11:30:44.461838,3,1218193,https://www.tiktok.com/@american_burger_dz/video/7585305151292902676,American Burger,a9e790920c
7585493131841323784,tiktok,🩷 قمر 🩷,راكي غالطة في حسابك,2026-01-24T11:30:44.461840,13,1218193,https://www.tiktok.com/@american_burger_dz/video/7585305151292902676,American Burger,854644a945
7585446377565078280,tiktok,ľe. H🇩🇿🇫🇷,nn jms,2026-01-24T11:30:44.461841,5,1218193,https://www.tiktok.com/@american_burger_dz/video/7585305151292902676,American Burger,21289a2855
7585452965557895944,tiktok,Samia Abdelaoui,صح كاينة منها للأسف 😔 جاست,2026-01-24T11:30:44.461842,22,1218193,https://www.tiktok.com/@american_burger_dz/video/7585305151292902676,American Burger,1b35c92063
7585480009680569109,tiktok,👑Queen Consort💍👑,والله العظيم كاينة مش ضحكة راني مشوكية نا 🥺💔,2026-01-24T11:30:44.461845,19,1218193,https://www.tiktok.com/@american_burger_dz/video/7585305151292902676,American Burger,0227f09365
7585504345840911111,tiktok,Minou,مزية شفت الفيديو نروح نسلم على راس راجلي فحياتي مصرفت دورو لا على الدار لا على روحي لا على ولادي ❤️,2026-01-24T11:30:44.461846,122,1218193,https://www.tiktok.com/@american_burger_dz/video/7585305151292902676,American Burger,68e0b585e7
7585868465865966337,tiktok,trésor,la nouvelle génération prcq avant impossible,2026-01-24T11:30:44.461848,2,1218193,https://www.tiktok.com/@american_burger_dz/video/7585305151292902676,American Burger,92abec76c6
7585419863335977745,tiktok,Souma Mk😘🤙,"c pas vrai c le contraire arrêtez svp,",2026-01-24T11:30:46.717840,308,1218193,https://www.tiktok.com/@american_burger_dz/video/7585305151292902676,American Burger,e8e7919012
7585482911467012920,tiktok,riozakininja,مقود انا في حياتي ماخلصتش عليا مراءة لخاطر مانروحش اصلا ناكل معاها 🤣,2026-01-24T11:30:46.717859,39,1218193,https://www.tiktok.com/@american_burger_dz/video/7585305151292902676,American Burger,5204df2c4a
7597857641525035796,tiktok,Ahl Albait,ولد بلادي كريم,2026-01-24T11:30:46.717861,1,1218193,https://www.tiktok.com/@american_burger_dz/video/7585305151292902676,American Burger,e6ba7e4136
7592281656855511826,tiktok,Marouf Ismail,لي تطلب بالبريدي موب تخلص عليك ؟! تبانلي العكس يك راهم يطلبو بالبريدي موب,2026-01-24T11:30:46.717863,1,1218193,https://www.tiktok.com/@american_burger_dz/video/7585305151292902676,American Burger,7a6aa79193
7585469807518483211,tiktok,Ufvr_luna,وي وي هذ الظاهرة ولات كاين مع الاسف 💔,2026-01-24T11:30:46.717864,5,1218193,https://www.tiktok.com/@american_burger_dz/video/7585305151292902676,American Burger,76d6bbbcd2
7585750137643156246,tiktok,Kader Kader 31 🥊,مزيا راني عايش في أوروبا وشفت بعيني,2026-01-24T11:30:46.717866,8,1218193,https://www.tiktok.com/@american_burger_dz/video/7585305151292902676,American Burger,86ab82f175
7585447704713593618,tiktok,🇩🇿chocho🥰🇩🇿,مكانش منها,2026-01-24T11:30:46.717867,15,1218193,https://www.tiktok.com/@american_burger_dz/video/7585305151292902676,American Burger,96eaf583a3
7585511572576076560,tiktok,am_el,صح والله وصارتلي للأسف وماشي مره برك,2026-01-24T11:30:46.717869,5,1218193,https://www.tiktok.com/@american_burger_dz/video/7585305151292902676,American Burger,25dd11e58d
7585473557158118151,tiktok,Mimiya mimi,[photo] الجماعة لي تقول كاينا منها علاه صح خلصتي عليه ارواحي اختي نندب عليك شويا,2026-01-24T11:30:46.717870,57,1218193,https://www.tiktok.com/@american_burger_dz/video/7585305151292902676,American Burger,e3eaba1630
7585499419615003410,tiktok,Sou Mia🦋,hna asln mndiroch da trand 3lbalna bli myhchmoch😂😂😂,2026-01-24T11:30:46.717871,4,1218193,https://www.tiktok.com/@american_burger_dz/video/7585305151292902676,American Burger,0c9f28dcf2
7585529681836196624,tiktok,amoula❤️,اييييييه شحال عشته حتان طيشتو تهنيت من مصروف زايد 😂😂😂😂,2026-01-24T11:30:46.717873,29,1218193,https://www.tiktok.com/@american_burger_dz/video/7585305151292902676,American Burger,d208ac1e14
7585503627692524309,tiktok,nadjib,le contraire ouii,2026-01-24T11:30:46.717874,8,1218193,https://www.tiktok.com/@american_burger_dz/video/7585305151292902676,American Burger,b364a546f7
7585512697882805014,tiktok,👍🙏,nan mais c'est carrément faux,2026-01-24T11:30:46.717875,118,1218193,https://www.tiktok.com/@american_burger_dz/video/7585305151292902676,American Burger,433b77481d
7585497697077003028,tiktok,Lok chaoui,Alors là n’importe quoi!!c’est le contraire en France c’est 50/50 par contre en Algérie c’est nous qui paie l’addition,2026-01-24T11:30:46.717877,1244,1218193,https://www.tiktok.com/@american_burger_dz/video/7585305151292902676,American Burger,7b3061371e
7595598780394930964,tiktok,amelmilou267,Impossible ❤️,2026-01-24T11:30:46.717878,2,1218193,https://www.tiktok.com/@american_burger_dz/video/7585305151292902676,American Burger,3f0bac39db
7585392853455700744,tiktok,H❤️,Impossible hdi,2026-01-24T11:30:46.717880,7,1218193,https://www.tiktok.com/@american_burger_dz/video/7585305151292902676,American Burger,8320583988
7585522480619389716,tiktok,lulu,بالعكس كفاكم كذب,2026-01-24T11:30:46.717881,6,1218193,https://www.tiktok.com/@american_burger_dz/video/7585305151292902676,American Burger,7ef3bda42d
7585421171173229332,tiktok,M A Y A,C pas vraii c tout a fait le contraire,2026-01-24T11:30:46.717882,4,1218193,https://www.tiktok.com/@american_burger_dz/video/7585305151292902676,American Burger,30286cb427
7595281009027121927,tiktok,layra, [sticker],2026-01-24T11:30:46.717884,1,1218193,https://www.tiktok.com/@american_burger_dz/video/7585305151292902676,American Burger,bf47a9ef19
7585553165123633938,tiktok,Rahma English teacher,انا وراجلي فرد جيب عمرنا مادرنا حساب لبعضانا نهزو ويهزني ونوفرو لاولادنا ونحوسو وعايشين الاز وحتى قبل مانخدم كان منتهلي فيا الزوجين لازم يكون بيناتهم النية,2026-01-24T11:30:46.717885,3,1218193,https://www.tiktok.com/@american_burger_dz/video/7585305151292902676,American Burger,19acd4b0f6
7585897923935011606,tiktok,BigSoulElite,عايش في بريطانيا 🇬🇧 15 عام هل تعلم ان كوبل الاوربي كل واحد يخلص لروحو هل تعلم ان الزوج عندو فيزا كارد تاعو والزوجة عندها تاعها وحدها وحتى الابن وحدو واحد يخلص لواحد,2026-01-24T11:30:47.396866,2,1218193,https://www.tiktok.com/@american_burger_dz/video/7585305151292902676,American Burger,ed8f34a534
7585428514079736584,tiktok,haloma,اصلا عكس ومكاش منها,2026-01-24T11:30:47.396877,45,1218193,https://www.tiktok.com/@american_burger_dz/video/7585305151292902676,American Burger,314a9ab639
7585549578049700629,tiktok,Sara msrara,Hhhhh za3ma awah kain Rjall fl Algérie 🇩🇿💪🏼,2026-01-24T11:30:47.396880,0,1218193,https://www.tiktok.com/@american_burger_dz/video/7585305151292902676,American Burger,5b11237876
7596809520622568208,tiktok,حياتي بعد فقدان أمي جحيم,صحيح عشتها 🥰,2026-01-24T11:30:47.396882,1,1218193,https://www.tiktok.com/@american_burger_dz/video/7585305151292902676,American Burger,aaaacc7964
7585317287168836373,tiktok,Amd09t,madahakch w ghir nahiha,2026-01-24T11:30:47.396883,24,1218193,https://www.tiktok.com/@american_burger_dz/video/7585305151292902676,American Burger,e51fbc0820
7586588373876409095,tiktok,Moka Mokrane🇺🇸♓️♥️🇩🇿,"Bah ici en Amérique tjr a la caisse ils demandent (if separate or together ) et jai vu plusieurs couples payent séparément 🥲🤣, du jamais vu chez nous en dz",2026-01-24T11:30:47.396886,3,1218193,https://www.tiktok.com/@american_burger_dz/video/7585305151292902676,American Burger,c243589170
7585545867894670102,tiktok,la coquette,C le contraire,2026-01-24T11:30:47.396888,91,1218193,https://www.tiktok.com/@american_burger_dz/video/7585305151292902676,American Burger,1a01be7c39
7585496985039422224,tiktok,🥀Rööh🥀,نزيدو فيها مكانش منها,2026-01-24T11:30:47.396889,5,1218193,https://www.tiktok.com/@american_burger_dz/video/7585305151292902676,American Burger,2394ec3004
7585329474539930389,tiktok,Émélÿ🕊️,Tu veux dire le contraire ?,2026-01-24T11:30:47.396891,159,1218193,https://www.tiktok.com/@american_burger_dz/video/7585305151292902676,American Burger,cebdc9ac4c
7585953786011878165,tiktok,Salim salim,انا بووي لي ولدني ومنطمعش فيه الحمد لله,2026-01-24T11:30:47.396892,2,1218193,https://www.tiktok.com/@american_burger_dz/video/7585305151292902676,American Burger,0290054fbc
7594325013055128327,tiktok,ik ramou🧸🩷,noo,2026-01-24T11:30:47.396894,1,1218193,https://www.tiktok.com/@american_burger_dz/video/7585305151292902676,American Burger,dc2bafd1fd
7585461025417659144,tiktok,moul bx,mkch minha en algerie,2026-01-24T11:30:47.396896,14,1218193,https://www.tiktok.com/@american_burger_dz/video/7585305151292902676,American Burger,6b2d7da399
7587555210945463047,tiktok,sima,makanch menha 😒,2026-01-24T11:30:47.396897,2,1218193,https://www.tiktok.com/@american_burger_dz/video/7585305151292902676,American Burger,ee875a743a
7585472544564871956,tiktok,Khadidja  🫀🫀🫀Mohamed,كاينة ولي يقول مكانش منها يكذب,2026-01-24T11:30:47.396899,9,1218193,https://www.tiktok.com/@american_burger_dz/video/7585305151292902676,American Burger,b1694ddc53
7585488371150701323,tiktok,Dr maéva Self&Close protection,لا مكاش منها,2026-01-24T11:30:47.396901,8,1218193,https://www.tiktok.com/@american_burger_dz/video/7585305151292902676,American Burger,495c63e594
7595144984321557256,tiktok,Sab rina,mkch mnhaaa ana wlh mydirli hka machalah rbi ykhlihli ❤,2026-01-24T11:30:47.396902,1,1218193,https://www.tiktok.com/@american_burger_dz/video/7585305151292902676,American Burger,064a8ab505
7585734617672696593,tiktok,souna,Al Hamdoulah 💪jamais sratli 🥰,2026-01-24T11:30:47.396904,2,1218193,https://www.tiktok.com/@american_burger_dz/video/7585305151292902676,American Burger,1ddbf54393
7585490956750783240,tiktok,♓️🇨🇵Princesse👸🌸,"On aime beaucoup critiquer nos pays et nos peuples, et mettre en valeur d’autres pays comme s’ils étaient parfaits. Mais ceux qui vivent à l’étranger voient la réalité de près, et savent que ce n’est pas toujours ce qu’on montre dans les vidéos. Ce qui est dit ici n’est pas vrai : chez nous, ce n’est pas la femme qui doit payer à la place de l’homme. Nos valeurs existent, il faut arrêter de les déformer.",2026-01-24T11:30:47.396908,7,1218193,https://www.tiktok.com/@american_burger_dz/video/7585305151292902676,American Burger,30e68b04d7
7587249396635779862,tiktok,SaelsaسالسةIkram👸🏼🩷,و العكس تماما، الجانب يتحاسب مع صحباتهم او زوجاتهم حتى اولادهم👍,2026-01-24T11:30:47.396910,2,1218193,https://www.tiktok.com/@american_burger_dz/video/7585305151292902676,American Burger,fa8b971c62
7585934216069038856,tiktok,mamat anino,:انا برا نفطر مع ولادي 😂وكي يجي يخلص قولولي عيب تمديلهم انت عطينا حنا نخلصو 🤣🤣🤣🤣🤣🤣🤣تحيا ولادي☺️,2026-01-24T11:30:47.396912,14,1218193,https://www.tiktok.com/@american_burger_dz/video/7585305151292902676,American Burger,3e47d32cd9
7585735006863147793,tiktok,أسِيــــــــــل,والله لعرفتها 😂😂😂😂😂,2026-01-24T11:30:47.481713,2,1218193,https://www.tiktok.com/@american_burger_dz/video/7585305151292902676,American Burger,9bb2e45d2a
7585518599466746646,tiktok,🍁Cuisinal05🧡🇩🇿👑,حنا رجال في بعضانا ونتسابقو شكون يخلص ولقعدة لي ما نقدرولهاش منقعدوهاش 😁,2026-01-24T11:30:47.481723,5,1218193,https://www.tiktok.com/@american_burger_dz/video/7585305151292902676,American Burger,70c31a2c2e
7585511341273285383,tiktok,Dalel Dress,Tellement pas vrai,2026-01-24T11:30:47.481726,6,1218193,https://www.tiktok.com/@american_burger_dz/video/7585305151292902676,American Burger,3c54cd6b75
7585470435358540565,tiktok,Sameerov,c'est plutôt le contraire,2026-01-24T11:30:47.481727,4,1218193,https://www.tiktok.com/@american_burger_dz/video/7585305151292902676,American Burger,5a29099b1c
7585560599137960726,tiktok,Mounir,😏 مزلت معشتش هذا الموقف ، ربي يرزقنا زوجة صالحة,2026-01-24T11:30:47.481729,2,1218193,https://www.tiktok.com/@american_burger_dz/video/7585305151292902676,American Burger,a0180307b9
7585511631007941377,tiktok,am_el,حقيقه والله,2026-01-24T11:30:47.481731,4,1218193,https://www.tiktok.com/@american_burger_dz/video/7585305151292902676,American Burger,f11805b685
7585488591163753234,tiktok,بسومة,جامي .... محال,2026-01-24T11:30:47.481733,2,1218193,https://www.tiktok.com/@american_burger_dz/video/7585305151292902676,American Burger,5548a9c3e0
7593079879677346582,tiktok,HibaFrance59,عجبني رد هاذ السيد,2026-01-24T11:30:47.481735,2,1218193,https://www.tiktok.com/@american_burger_dz/video/7585305151292902676,American Burger,03346683b3
7585323444062634760,tiktok,driver story dz 🚛,c'est pas vrai,2026-01-24T11:30:47.481736,5,1218193,https://www.tiktok.com/@american_burger_dz/video/7585305151292902676,American Burger,5f2f1e02dc
7585499353599542034,tiktok,Iza_event,جامي علاش تكدب,2026-01-24T11:30:47.481738,4,1218193,https://www.tiktok.com/@american_burger_dz/video/7585305151292902676,American Burger,91daa51382
7585507551220581141,tiktok,Hiba Benmer,جامي سمعت بيها وجامي صراتلي الحمد لله,2026-01-24T11:30:47.481741,4,1218193,https://www.tiktok.com/@american_burger_dz/video/7585305151292902676,American Burger,b4a3608b47
7585804913202381590,tiktok,Sophia ♥ 🇲🇦 🇨🇾 ♥,LOOOOL 😭😂🤣🤣🤣😂😭😭 was not expecting that 😭😂,2026-01-24T11:30:47.481743,4,1218193,https://www.tiktok.com/@american_burger_dz/video/7585305151292902676,American Burger,7a4a27a924
7585504423679116049,tiktok,Nabila🎀,نندب🫤,2026-01-24T11:30:47.481745,4,1218193,https://www.tiktok.com/@american_burger_dz/video/7585305151292902676,American Burger,4af72baa93
7591931227025343288,tiktok,…,تذكرت قبل ما اتزوج نتفاهم اني وزوجي على اثاث البيت وبحكم هو من دولة واني من دولة مايقدر يدخل بفلوس كثير لبلادي فانا على نيتي قلت لو ناقص شي يكملوه خوالي الا ثاني يوم جاب ضعف الفلوس الي متفقين عليها ❤️,2026-01-24T11:30:48.617396,1,1218193,https://www.tiktok.com/@american_burger_dz/video/7585305151292902676,American Burger,dcb9fd3d19
7587249780343046934,tiktok,SaelsaسالسةIkram👸🏼🩷,هاذا الشي في التيكتوك أنا في الحقيقة العكس تماما,2026-01-24T11:30:48.617449,1,1218193,https://www.tiktok.com/@american_burger_dz/video/7585305151292902676,American Burger,9ae22168c9
7585535743121326856,tiktok,~N~,جيل الثمانينات مشي هكا 😁,2026-01-24T11:30:48.617454,0,1218193,https://www.tiktok.com/@american_burger_dz/video/7585305151292902676,American Burger,50046b255c
7585481982533124885,tiktok,Noussa Nalis,لحمد لله جامي صرالي وجتمي وصلت روحييصرالي توجور نخرج وخدي ونخلص على روحي والله لا يحتجني غير لربي سبحانو,2026-01-24T11:30:48.617457,2,1218193,https://www.tiktok.com/@american_burger_dz/video/7585305151292902676,American Burger,c03b2ef80d
7585501589931361031,tiktok,🌹أم رسيم وارسلان☘️❤️,زعم كل شىء نحبهم فيهم الرجولة عاليا غيورين تحيا ولاد بلادي وين مكانو 🥰🥰🥰🥰❤️❤️❤️,2026-01-24T11:30:48.617461,8,1218193,https://www.tiktok.com/@american_burger_dz/video/7585305151292902676,American Burger,d8bc725702
7585410343627965191,tiktok,lyndamokrani83,c’est bien le contraire mon vieux,2026-01-24T11:30:48.617464,8,1218193,https://www.tiktok.com/@american_burger_dz/video/7585305151292902676,American Burger,f0ea526960
7585512764366390023,tiktok,Soumia collection,التالية مكاش منها,2026-01-24T11:30:48.617466,5,1218193,https://www.tiktok.com/@american_burger_dz/video/7585305151292902676,American Burger,12bfa1c0b5
7585476651383784212,tiktok,NARJISS 💫,هاذي باش نضحكو اما الحقيقة هي العكس,2026-01-24T11:30:48.617470,32,1218193,https://www.tiktok.com/@american_burger_dz/video/7585305151292902676,American Burger,d5e5d4ccb5
7585537021001859842,tiktok,Point à la ligne.,ما كانش منها صاحب هدا المنشور عمرو ما راح للخارج,2026-01-24T11:30:48.617471,0,1218193,https://www.tiktok.com/@american_burger_dz/video/7585305151292902676,American Burger,3c4376b4f5
7585491024287236886,tiktok,Lilou001331,cest totalement faux,2026-01-24T11:30:48.617494,47,1218193,https://www.tiktok.com/@american_burger_dz/video/7585305151292902676,American Burger,c2a07a22fe
7585682325792572167,tiktok,َLeila 💚❤️,😂😂😂😂😂 و يا على 15 ميل,2026-01-24T11:30:48.617497,4,1218193,https://www.tiktok.com/@american_burger_dz/video/7585305151292902676,American Burger,bd257ec5c9
7585738646034449160,tiktok,🇩🇿 NAYA 💎 YENIE 🇩🇿,قهوي يا جدكم,2026-01-24T11:30:48.617500,2,1218193,https://www.tiktok.com/@american_burger_dz/video/7585305151292902676,American Burger,09829ca73a
7585523638145975048,tiktok,🇲🇽亗『TONY SOSA』亗🇲🇽,cest tout a fait le contraire,2026-01-24T11:30:48.617501,6,1218193,https://www.tiktok.com/@american_burger_dz/video/7585305151292902676,American Burger,b6b535b573
7585414602520822529,tiktok,samou dz🇩🇿🇩🇿💪💪,un vrai con😞,2026-01-24T11:30:48.617503,2,1218193,https://www.tiktok.com/@american_burger_dz/video/7585305151292902676,American Burger,8be6396b8c
7585572367474098951,tiktok,Gâteux Les chants De miel,عادي انا وراجلي نهار عليا نهار عليه ربي يحفظهولي💞,2026-01-24T11:30:48.617505,2,1218193,https://www.tiktok.com/@american_burger_dz/video/7585305151292902676,American Burger,0b260ed832
7585543400289846036,tiktok,Queen Lina 👑,مكاش منها العكس وي 👌,2026-01-24T11:30:48.617506,2,1218193,https://www.tiktok.com/@american_burger_dz/video/7585305151292902676,American Burger,70744638c2
7585527509951070998,tiktok,sihemjazayri,أبدا الرجل الجزائري من الكرماء 💕,2026-01-24T11:30:48.617507,3,1218193,https://www.tiktok.com/@american_burger_dz/video/7585305151292902676,American Burger,5ea9052f8c
7586796201334833940,tiktok,X-Gaming,لالا والله يزيد يدي الصرف 😂,2026-01-24T11:30:48.989996,1,1218193,https://www.tiktok.com/@american_burger_dz/video/7585305151292902676,American Burger,805d0c44ac
7585565499217609493,tiktok,Dr.SâRâh..ⵣ🇩🇿,جيل التسعينات لا ، لكن الألفينات ممكن 🤣,2026-01-24T11:30:48.990019,2,1218193,https://www.tiktok.com/@american_burger_dz/video/7585305151292902676,American Burger,0e0c75fe4c
7586009397495956242,tiktok,Reda Reda,هذا دليل أنك عمرك ما سافرت ما شفت الغربة,2026-01-24T11:30:49.698032,0,1218193,https://www.tiktok.com/@american_burger_dz/video/7585305151292902676,American Burger,b3c5214fca
7585443333838455553,tiktok,Ⓖⓔⓤⓛⓜⓘⓨⓐ,كاين صح حيروني ل قالو مكانش منها 🤣🤣🤣,2026-01-24T11:30:49.698042,4,1218193,https://www.tiktok.com/@american_burger_dz/video/7585305151292902676,American Burger,885d481c85
7586021497223856918,tiktok,Nass 0126260126,C plutôt le contraire et c même certains,2026-01-24T11:30:49.698048,6,1218193,https://www.tiktok.com/@american_burger_dz/video/7585305151292902676,American Burger,6ece3b09e8
7585548417172439824,tiktok,",,,,,,,,,,",hhh jamie,2026-01-24T11:30:49.698050,0,1218193,https://www.tiktok.com/@american_burger_dz/video/7585305151292902676,American Burger,b6bd8413ee
7586418394905232135,tiktok,Sara Siso,😅😅😅😅😅يديرها حق وياربي,2026-01-24T11:30:49.698051,4,1218193,https://www.tiktok.com/@american_burger_dz/video/7585305151292902676,American Burger,104cf52d91
7585478241181057800,tiktok,Lily🌸,هادشي كامل معكوس 👌,2026-01-24T11:30:49.698053,10,1218193,https://www.tiktok.com/@american_burger_dz/video/7585305151292902676,American Burger,3e7d45df69
7585712828976268033,tiktok,Zaouiya Meniaaya,المنيعي بالتحديد,2026-01-24T11:30:49.698057,2,1218193,https://www.tiktok.com/@american_burger_dz/video/7585305151292902676,American Burger,16d18de3d1
7585410190985397000,tiktok,Jiji la,C pas vrais 😂,2026-01-24T11:30:49.698058,32,1218193,https://www.tiktok.com/@american_burger_dz/video/7585305151292902676,American Burger,b48a498d83
7585513075294831381,tiktok,𝓑𝓲𝓵𝓶𝓸𝓽 🪽,😞💔 عشت الشعور,2026-01-24T11:30:49.698060,3,1218193,https://www.tiktok.com/@american_burger_dz/video/7585305151292902676,American Burger,44e39f8e11
7586015821345063711,tiktok,Mohamed,المقطع مضحك لا غير الحقيقة. خلف الكواليس هو العكس تماماً ياصديقي,2026-01-24T11:30:49.698062,2,1218193,https://www.tiktok.com/@american_burger_dz/video/7585305151292902676,American Burger,c9f348528d
7586313137754899208,tiktok,Kamel Zaid,C’est bien le contraire,2026-01-24T11:30:49.698063,2,1218193,https://www.tiktok.com/@american_burger_dz/video/7585305151292902676,American Burger,13ed10c82d
7585522882088862482,tiktok,.........,اول اسبوع زواج واول خرجة لنا رحنا للمطعم طلبت وهو طلب حاجة وحدة وكلينا مع بعض من بعد قالوا الصحن هذا بقداه قالو 20 الف حطهالي وخرج قالي لطلبتيه كامل خلصيه خرج وخلاني وحدي ولما رحت بأه نخلص فتشت عليه بعيني مالقيتوش عيطتلوا بالهاتف ماردش وليت سلكت انا ثم فجأة نشوف فيه قطع الطريق وخرجلي علما اني في ولاية برانية ما نعرف الدخلة ولا الخرجة منين,2026-01-24T11:30:49.723578,0,1218193,https://www.tiktok.com/@american_burger_dz/video/7585305151292902676,American Burger,b04f171bac
7585498600143225616,tiktok,Mishou,الواقع المعاش,2026-01-24T11:30:49.723590,0,1218193,https://www.tiktok.com/@american_burger_dz/video/7585305151292902676,American Burger,90642e20d4
7585507460191421205,tiktok,Mira,ماكاش منها. جامي صراتلي,2026-01-24T11:30:50.343051,4,1218193,https://www.tiktok.com/@american_burger_dz/video/7585305151292902676,American Burger,6838f6cdc0
7585596433531077394,tiktok,ME31,و لي راجل راجل✅️✅️✅️✅️🇩🇿🫰,2026-01-24T11:30:50.343062,10,1218193,https://www.tiktok.com/@american_burger_dz/video/7585305151292902676,American Burger,76eb9801e9
7585460968437629704,tiktok,𝔉αяα𝔰нα🧚🏻‍♀️🇩🇿,العكس تماما,2026-01-24T11:30:50.343064,4,1218193,https://www.tiktok.com/@american_burger_dz/video/7585305151292902676,American Burger,4387535566
7585540423873331990,tiktok,Hanane At,C’est l’inverse 😂,2026-01-24T11:30:50.343068,6,1218193,https://www.tiktok.com/@american_burger_dz/video/7585305151292902676,American Burger,3d9d58b2e2
7585481735740801799,tiktok,AHL€M,الحقيقة ماراهش يتمسخر,2026-01-24T11:30:50.343069,6,1218193,https://www.tiktok.com/@american_burger_dz/video/7585305151292902676,American Burger,e2b4c5ff20
7586009418736878343,tiktok,dehbi_kader,المشهد لاخير عشته وزدة ديت الصرف لي بقى 😁🤣🤣,2026-01-24T11:30:50.343072,0,1218193,https://www.tiktok.com/@american_burger_dz/video/7585305151292902676,American Burger,9ef14dfc27
7585454675714982657,tiktok,amine sami528,تبانلي العكس,2026-01-24T11:30:50.343073,3,1218193,https://www.tiktok.com/@american_burger_dz/video/7585305151292902676,American Burger,0e4930ca92
7585527207494796065,tiktok,يونس,أعتقد العكس هو الصحيح. أنا اعيش في اوربا و الزوجة تدفع بعض المرات و عادي عندهم. لكن عندي لا ارضى ان تدفع عني زوجتي و لو عندها مال,2026-01-24T11:30:50.343075,4,1218193,https://www.tiktok.com/@american_burger_dz/video/7585305151292902676,American Burger,83c3ba797a
7585942123237622550,tiktok,yacine,اقسم بالله غير العكس,2026-01-24T11:30:50.343076,3,1218193,https://www.tiktok.com/@american_burger_dz/video/7585305151292902676,American Burger,56a04c29d3
7585448806876267272,tiktok,ℳℯ𝒹,contraire 👌,2026-01-24T11:30:50.343078,7,1218193,https://www.tiktok.com/@american_burger_dz/video/7585305151292902676,American Burger,80e133d821
7585484809246671634,tiktok,Amel Rezigue,Ça c’est faut !!,2026-01-24T11:30:50.343079,4,1218193,https://www.tiktok.com/@american_burger_dz/video/7585305151292902676,American Burger,7cb893b4fa
7585392748795265848,tiktok,♡ 𝐋𝐢𝐨𝐫𝐚𝐡 ♡,CC’est le contraire,2026-01-24T11:30:50.343081,18,1218193,https://www.tiktok.com/@american_burger_dz/video/7585305151292902676,American Burger,08dffc7957
7585482505588982561,tiktok,💜💜,c'est le contraire. point barre,2026-01-24T11:30:50.343082,21,1218193,https://www.tiktok.com/@american_burger_dz/video/7585305151292902676,American Burger,f5f8464e08
7585410772352926482,tiktok,Celia ❤️,alors la ! machi sah,2026-01-24T11:30:50.343083,2,1218193,https://www.tiktok.com/@american_burger_dz/video/7585305151292902676,American Burger,e54a4a3fcd
7585792402268078866,tiktok,imad,والله ما يضحك ...يبكي الموقف,2026-01-24T11:30:50.343085,11,1218193,https://www.tiktok.com/@american_burger_dz/video/7585305151292902676,American Burger,f01e1521ca
7585505492589200136,tiktok,Seif eddine Oudina,العكس تماما,2026-01-24T11:30:50.343086,2,1218193,https://www.tiktok.com/@american_burger_dz/video/7585305151292902676,American Burger,9222bee88f
7585445675162469138,tiktok,Noor Ania,ce n' est pas vrai,2026-01-24T11:30:50.343088,5,1218193,https://www.tiktok.com/@american_burger_dz/video/7585305151292902676,American Burger,48f670a23b
7585484145128882965,tiktok,IkoUuu ❤️🇩🇿,الوقت لي وصلنا ليه,2026-01-24T11:30:50.347507,10,1218193,https://www.tiktok.com/@american_burger_dz/video/7585305151292902676,American Burger,0ff2f9f5da
7585472877610566418,tiktok,Sabrinekhettab 🇩🇿,Nnnnnnn c le contraire arrête,2026-01-24T11:30:50.347517,9,1218193,https://www.tiktok.com/@american_burger_dz/video/7585305151292902676,American Burger,277b0145c4
7585500035719709447,tiktok,المومن,والله ماكاين منها,2026-01-24T11:30:50.347519,4,1218193,https://www.tiktok.com/@american_burger_dz/video/7585305151292902676,American Burger,47ee51c72d
7585484541697180434,tiktok,Alfa☆ DZ ☆,c'est né pas vrai c'est le contraire 👌,2026-01-24T11:30:50.347521,4,1218193,https://www.tiktok.com/@american_burger_dz/video/7585305151292902676,American Burger,89109df020
7586369072066970400,tiktok,DZ🇩🇿31🇩🇿,c'est plutôt le contraire,2026-01-24T11:30:50.347560,3,1218193,https://www.tiktok.com/@american_burger_dz/video/7585305151292902676,American Burger,91da4de660
7586058028240634635,tiktok,noah,العكس تماما في خارج حبة حلوة ولله ما تكلها,2026-01-24T11:30:50.347562,3,1218193,https://www.tiktok.com/@american_burger_dz/video/7585305151292902676,American Burger,ca647b71c6
7585850784656343830,tiktok,fouzia,C’est totalement faux et impensable,2026-01-24T11:30:50.347564,3,1218193,https://www.tiktok.com/@american_burger_dz/video/7585305151292902676,American Burger,b3f1527d0d
7585791985974854432,tiktok,Mohammed ALI,هذه هي ولد خالتي🥰😂💃,2026-01-24T11:30:50.347565,3,1218193,https://www.tiktok.com/@american_burger_dz/video/7585305151292902676,American Burger,ae2a6f9ef6
7585536500626211602,tiktok,حلويات الشيوخ,لا انا بالنسبة ليا الجزائري ميرضاش هذا الشي,2026-01-24T11:30:50.347568,3,1218193,https://www.tiktok.com/@american_burger_dz/video/7585305151292902676,American Burger,32ad1467da
7585520786972017416,tiktok,camelia noir,ماكانش منها من اول الفيديو حتى للاخر,2026-01-24T11:30:50.347572,3,1218193,https://www.tiktok.com/@american_burger_dz/video/7585305151292902676,American Burger,c08dfcac5c
7585502630156452625,tiktok,lilia Lili,كنت نستنا في الأخير الجزائر طلعت صح,2026-01-24T11:30:50.992881,0,1218193,https://www.tiktok.com/@american_burger_dz/video/7585305151292902676,American Burger,e2501d7481
7585506781981737750,tiktok,kada Mkn,سافرو تعرفو,2026-01-24T11:30:50.992889,4,1218193,https://www.tiktok.com/@american_burger_dz/video/7585305151292902676,American Burger,e312a3044f
7585541219771958038,tiktok,Chelfia,C’est pas vrai du tout,2026-01-24T11:30:50.992895,2,1218193,https://www.tiktok.com/@american_burger_dz/video/7585305151292902676,American Burger,ca46c2d095
7586020921098978070,tiktok,Soussou,n importe quoi limite discriminatoire la video,2026-01-24T11:30:50.992897,7,1218193,https://www.tiktok.com/@american_burger_dz/video/7585305151292902676,American Burger,0094c75207
7585470875208041227,tiktok,🎗نينا لافايات,حتى عندنا ثما,2026-01-24T11:30:50.992899,2,1218193,https://www.tiktok.com/@american_burger_dz/video/7585305151292902676,American Burger,b17bc76db3
7585537060443357975,tiktok,nadirferhat337,Alors là c’est tout le contraire,2026-01-24T11:30:50.992901,28,1218193,https://www.tiktok.com/@american_burger_dz/video/7585305151292902676,American Burger,e292ae5675
7585367892390232839,tiktok,zoraabbas,ماكاش منها,2026-01-24T11:30:50.992902,2,1218193,https://www.tiktok.com/@american_burger_dz/video/7585305151292902676,American Burger,b904853d6b
7589788145451156246,tiktok,moh’b,وين راهو العيب ياك انا و انتي واحد لالا!!!,2026-01-24T11:30:50.992904,2,1218193,https://www.tiktok.com/@american_burger_dz/video/7585305151292902676,American Burger,f4a95ef7b4
7585837895475856150,tiktok,Maria RaCha,"JAMAIS DE LA VIE, C'EST PAS VRAI",2026-01-24T11:30:50.992906,13,1218193,https://www.tiktok.com/@american_burger_dz/video/7585305151292902676,American Burger,021b154fa7
7586009427490472726,tiktok,Zina Zineb BENHAMOUCHE,Le contraire !,2026-01-24T11:30:50.992907,4,1218193,https://www.tiktok.com/@american_burger_dz/video/7585305151292902676,American Burger,91052af36a
7585358727730725653,tiktok,❄️✨ ᛁᛗᚨᚾ,كاينة 😂,2026-01-24T11:30:50.992909,3,1218193,https://www.tiktok.com/@american_burger_dz/video/7585305151292902676,American Burger,4cca442a24
7585565109146387221,tiktok,Yasmine Koudid,هنا ماقستوهاش,2026-01-24T11:30:50.992911,4,1218193,https://www.tiktok.com/@american_burger_dz/video/7585305151292902676,American Burger,5f1060461b
7585574872602034947,tiktok,léopard,C’est tout à fait le contraire,2026-01-24T11:30:50.992912,8,1218193,https://www.tiktok.com/@american_burger_dz/video/7585305151292902676,American Burger,964e7b537c
7585672915007718155,tiktok,kaylie,جزائري مستحيل اذا دارها معنتها,2026-01-24T11:30:50.992914,4,1218193,https://www.tiktok.com/@american_burger_dz/video/7585305151292902676,American Burger,f9dd17433a
7585472084155826964,tiktok,Khadidja  🫀🫀🫀Mohamed,اقسم بالله العظيم كاينة منها 💔💔💔,2026-01-24T11:30:50.992916,3,1218193,https://www.tiktok.com/@american_burger_dz/video/7585305151292902676,American Burger,d6c34ebcc7
7585566132410516245,tiktok,Othman Rahal,فتيحة ❤ ...🥀 الله يحميك,2026-01-24T11:30:50.992917,0,1218193,https://www.tiktok.com/@american_burger_dz/video/7585305151292902676,American Burger,97c90254b5
7585423617821131538,tiktok,ImeneChahineze,Le contraire,2026-01-24T11:30:51.167005,3,1218193,https://www.tiktok.com/@american_burger_dz/video/7585305151292902676,American Burger,5c8b92b7b1
7586751694697399061,tiktok,ikramo,والله لصح,2026-01-24T11:30:51.167017,2,1218193,https://www.tiktok.com/@american_burger_dz/video/7585305151292902676,American Burger,061b378c0c
7585798378455319318,tiktok,🐋Céline Céline🐋, [sticker],2026-01-24T11:30:51.167022,2,1218193,https://www.tiktok.com/@american_burger_dz/video/7585305151292902676,American Burger,283f9ec20e
7585780083299205910,tiktok,Ma ya,c pas vrai,2026-01-24T11:30:51.167023,2,1218193,https://www.tiktok.com/@american_burger_dz/video/7585305151292902676,American Burger,28d1e59d12
7585770884050354951,tiktok,HALOuum🇩🇿❤️,مكانش منها,2026-01-24T11:30:51.167025,2,1218193,https://www.tiktok.com/@american_burger_dz/video/7585305151292902676,American Burger,fbd10483dd
7585736899182396178,tiktok,𝓜𝓲𝓷𝓷𝓪✨,في صح العكس,2026-01-24T11:30:51.167026,2,1218193,https://www.tiktok.com/@american_burger_dz/video/7585305151292902676,American Burger,621c88445e
7585463378363138823,tiktok,نورالرحمن 🖤💙,للاسف هذا هو الواقع ولا يحدث هذا إلا في بلادي الحبيبة الجزائر,2026-01-24T11:30:51.754756,0,1218193,https://www.tiktok.com/@american_burger_dz/video/7585305151292902676,American Burger,b95b62ef08
7585511165208380177,tiktok,fifia ᥫ᭡,Arwah omri netbadlou les rôles 😅,2026-01-24T11:30:51.754767,3,1218193,https://www.tiktok.com/@american_burger_dz/video/7585305151292902676,American Burger,d23b69df1c
7585377387379278612,tiktok,M.m.,nta bark kho.....😒,2026-01-24T11:30:51.754769,2,1218193,https://www.tiktok.com/@american_burger_dz/video/7585305151292902676,American Burger,9f70cb6afd
7585561457903977224,tiktok,Tarek el najm,je ne dis pas souvent wlh mais wlh le contraire 100%,2026-01-24T11:30:51.754770,2,1218193,https://www.tiktok.com/@american_burger_dz/video/7585305151292902676,American Burger,477516a34a
7585520342564569864,tiktok,Amel amoula,مكانش منها هادي العكس صحيح,2026-01-24T11:30:51.754772,2,1218193,https://www.tiktok.com/@american_burger_dz/video/7585305151292902676,American Burger,52a392fec1
7585536986112688914,tiktok,الذبابة القاتلة,Ce n’est pas vrai!,2026-01-24T11:30:51.754774,14,1218193,https://www.tiktok.com/@american_burger_dz/video/7585305151292902676,American Burger,f4b6eeb8d0
7585519122604671745,tiktok,Lou lou,كاينا منها تاليا 🤣🤣,2026-01-24T11:30:51.754776,0,1218193,https://www.tiktok.com/@american_burger_dz/video/7585305151292902676,American Burger,580d89234e
7585432543437275911,tiktok,just me👑,vrai 3afsa ma dahakech للأسف,2026-01-24T11:30:51.754778,10,1218193,https://www.tiktok.com/@american_burger_dz/video/7585305151292902676,American Burger,95cbbbff48
7585437287338623765,tiktok,xxxx3325jr7,لا العكس سواسوا,2026-01-24T11:30:51.754780,2,1218193,https://www.tiktok.com/@american_burger_dz/video/7585305151292902676,American Burger,00c8f3a550
7585709109212349185,tiktok,YaaYa ♡♡😇,C’est le contraire 😌,2026-01-24T11:30:52.107706,2,1218193,https://www.tiktok.com/@american_burger_dz/video/7585305151292902676,American Burger,f68ab0cf6f
7585539917767394070,tiktok,amili,non jamais,2026-01-24T11:30:52.107728,2,1218193,https://www.tiktok.com/@american_burger_dz/video/7585305151292902676,American Burger,e2d66ff7c2
7585333340205007632,tiktok,𝕱’,Rak sur ?,2026-01-24T11:30:52.107737,2,1218193,https://www.tiktok.com/@american_burger_dz/video/7585305151292902676,American Burger,ca7dc9eaff
7585559335872152323,tiktok,rania🇩🇿🇪🇸,مكانش منها هنا ماقستوهاش,2026-01-24T11:30:52.107739,1,1218193,https://www.tiktok.com/@american_burger_dz/video/7585305151292902676,American Burger,eb0bfd63b0
7585524958655578902,tiktok,Dihia,علي العكس,2026-01-24T11:30:52.107741,1,1218193,https://www.tiktok.com/@american_burger_dz/video/7585305151292902676,American Burger,e50c973af9
7585518128395191048,tiktok,fleure rouge,جيل الثمانينات ما ايديرهاش,2026-01-24T11:30:52.822765,0,1218193,https://www.tiktok.com/@american_burger_dz/video/7585305151292902676,American Burger,6e92612ac7
7585559811938812693,tiktok,اسووو,نغم😊😊☺️☺️,2026-01-24T11:30:52.822772,0,1218193,https://www.tiktok.com/@american_burger_dz/video/7585305151292902676,American Burger,c2c26f2797
7585524815470543617,tiktok,رام الله🇩🇿,اطلقوني عليه,2026-01-24T11:30:52.822775,5,1218193,https://www.tiktok.com/@american_burger_dz/video/7585305151292902676,American Burger,e394765935
7585485575194575637,tiktok,ᶻº❥︎lla,جزائري ✅🆗,2026-01-24T11:30:52.822780,0,1218193,https://www.tiktok.com/@american_burger_dz/video/7585305151292902676,American Burger,75822cb237
7585464625345970952,tiktok,chikola lolo,الواقع,2026-01-24T11:30:52.822782,0,1218193,https://www.tiktok.com/@american_burger_dz/video/7585305151292902676,American Burger,4c625103d3
7585580003560768263,tiktok,aichakhemliche851,ce n Est pas vrai je pense c est le contraire l américain fifty fifty 👌😂,2026-01-24T11:30:52.822784,0,1218193,https://www.tiktok.com/@american_burger_dz/video/7585305151292902676,American Burger,3e76f0baf7
7586326063995945736,tiktok,Yaya Black,لي دار الفيديو عمرو خرج من دزاير,2026-01-24T11:30:52.822789,0,1218193,https://www.tiktok.com/@american_burger_dz/video/7585305151292902676,American Burger,da3db1a8dc
7586667891269894930,tiktok,أفراح أفراح,سبحان الله😢,2026-01-24T11:30:52.822791,0,1218193,https://www.tiktok.com/@american_burger_dz/video/7585305151292902676,American Burger,646a95e343
7585457609651241749,tiktok,amynata5,النخوة و عزة النفس مابقاتش.,2026-01-24T11:30:52.822792,1,1218193,https://www.tiktok.com/@american_burger_dz/video/7585305151292902676,American Burger,aacdc26b30
7585447441864950549,tiktok,tamazight,sah kayna mnha😂😂,2026-01-24T11:30:52.822794,2,1218193,https://www.tiktok.com/@american_burger_dz/video/7585305151292902676,American Burger,9612fcad13
7585550375210746646,tiktok,Hamouz,بعيد الشر,2026-01-24T11:30:53.014827,0,1218193,https://www.tiktok.com/@american_burger_dz/video/7585305151292902676,American Burger,54ef493a1e
7585459076315038482,tiktok,Lily Allen 🤗,اااف فرنسي 🥺,2026-01-24T11:30:53.014843,0,1218193,https://www.tiktok.com/@american_burger_dz/video/7585305151292902676,American Burger,5a88c87dfa
7585859700303463185,tiktok,loulou0420,"c'est impossible , totalement faux",2026-01-24T11:30:53.014845,3,1218193,https://www.tiktok.com/@american_burger_dz/video/7585305151292902676,American Burger,aa23af666b
7586341947729658632,tiktok,Nadjiba Zefzef,ما كانش منها الجزاءريين هم اكثر الرجال رجولة وتحمل للمسؤولية بارك الله فيهم ورزقهم من فضله وعلى رأسهم زوجي الحبيب,2026-01-24T11:30:53.014847,3,1218193,https://www.tiktok.com/@american_burger_dz/video/7585305151292902676,American Burger,632e567454
7585607096080335617,tiktok,dr.h.a_🅰️,عمري ما عشت هذا الموقف والحمد لله,2026-01-24T11:30:53.014848,4,1218193,https://www.tiktok.com/@american_burger_dz/video/7585305151292902676,American Burger,a91a75bbce
7585478408308687623,tiktok,Yari Ta,مكانش منها العكس تمامًا,2026-01-24T11:30:53.014850,2,1218193,https://www.tiktok.com/@american_burger_dz/video/7585305151292902676,American Burger,05365d9ce0
7585848245638480661,tiktok,🔥🇩🇿imadعماد🇩🇿🔥,لكن نحن نمزح فقط 😂هذي مستحيلة الجزائر منبع الرجال,2026-01-24T11:30:53.014852,2,1218193,https://www.tiktok.com/@american_burger_dz/video/7585305151292902676,American Burger,c087681f0f
7598657299804996370,tiktok,Loqmati,جامي,2026-01-24T11:30:53.014853,1,1218193,https://www.tiktok.com/@american_burger_dz/video/7585305151292902676,American Burger,23144517a6
7598495948222317329,tiktok,🖤Une mujer Fuerte💪,راجلي العزيز عمروا ما دارها لي مين كنا متعرفين دوايا وماكلتي جامي طالبني دراهم وانا ساعات نفهم وحدي كي يعود معندوش منطلبش ولا نعاون بواش عندي والحمد لله ربي يقدرنا زيرزقني بقسم,2026-01-24T11:30:53.510022,1,1218193,https://www.tiktok.com/@american_burger_dz/video/7585305151292902676,American Burger,eb3723cc6f
7598480198258508552,tiktok,😊Hello 😊,العكس,2026-01-24T11:30:53.510030,1,1218193,https://www.tiktok.com/@american_burger_dz/video/7585305151292902676,American Burger,55775e7894
7598118049964311316,tiktok,Wafa 🇫🇷🇲🇦,je confirme 🇩🇿,2026-01-24T11:30:53.510032,1,1218193,https://www.tiktok.com/@american_burger_dz/video/7585305151292902676,American Burger,6f43e51419
7597925726646469397,tiktok,mes enfants ma vie,لما يعرفهمش يامن,2026-01-24T11:30:53.510034,1,1218193,https://www.tiktok.com/@american_burger_dz/video/7585305151292902676,American Burger,fec0096733
7597796646760186644,tiktok,عبد المهيمن,نعرفو يديريها 😁,2026-01-24T11:30:53.510036,1,1218193,https://www.tiktok.com/@american_burger_dz/video/7585305151292902676,American Burger,958d3df441
7597561329282728722,tiktok,tinabaraa,والله صح 😁🤩,2026-01-24T11:30:53.510037,1,1218193,https://www.tiktok.com/@american_burger_dz/video/7585305151292902676,American Burger,61ad959e84
7597104886605415176,tiktok,Laura valerei,الاخير صح خلصت وتم توديعه 😁,2026-01-24T11:30:53.510042,1,1218193,https://www.tiktok.com/@american_burger_dz/video/7585305151292902676,American Burger,3be1b6162f
7596668398055981831,tiktok,KiKa j KiKa,ههههههههه اي ي ي ي,2026-01-24T11:30:53.510044,1,1218193,https://www.tiktok.com/@american_burger_dz/video/7585305151292902676,American Burger,6e9866f4ac
7596482890133832504,tiktok,maram,ماصبت واش نهدر بسكو صح راهي صارية,2026-01-24T11:30:53.510045,1,1218193,https://www.tiktok.com/@american_burger_dz/video/7585305151292902676,American Burger,b848571637
7596087245762577160,tiktok,zina,كاينة كنها منها,2026-01-24T11:30:53.510047,1,1218193,https://www.tiktok.com/@american_burger_dz/video/7585305151292902676,American Burger,5a607a3ce0
7596070662062637836,tiktok,Aziz AGL,c'est vrai malheureusement 😭😭,2026-01-24T11:30:53.510048,1,1218193,https://www.tiktok.com/@american_burger_dz/video/7585305151292902676,American Burger,7f82ad6545
7595976974943191824,tiktok,...........,صح حق ربي 👌,2026-01-24T11:30:53.510050,1,1218193,https://www.tiktok.com/@american_burger_dz/video/7585305151292902676,American Burger,4d19f70218
7595972899702784786,tiktok,الحمد لله,مكانش منها,2026-01-24T11:30:53.586429,1,1218193,https://www.tiktok.com/@american_burger_dz/video/7585305151292902676,American Burger,1097b691da
7595925428775600914,tiktok,Fouad 34♡BBA♡16♕,ولعكس الصحيح 😍😁,2026-01-24T11:30:53.586439,1,1218193,https://www.tiktok.com/@american_burger_dz/video/7585305151292902676,American Burger,7973be2726
7595724718389625621,tiktok,Saad Eddine,apparemment on est pas ds le même avion😌😌,2026-01-24T11:30:53.586442,1,1218193,https://www.tiktok.com/@american_burger_dz/video/7585305151292902676,American Burger,06c22d2eb0
7592016757729821462,tiktok,Nour♓chaouia,لا في هادي راكم غلطانين ويبقى القهوي سيدهم 😁😅🇩🇿❤️🥹,2026-01-24T11:30:53.586444,2,1218193,https://www.tiktok.com/@american_burger_dz/video/7585305151292902676,American Burger,64e266838d
7595306415948301076,tiktok,Meriem Maha,في هادي ما قستوهاش كامل,2026-01-24T11:30:53.586446,1,1218193,https://www.tiktok.com/@american_burger_dz/video/7585305151292902676,American Burger,c3b8097e4e
7595294581421785878,tiktok,la vie,mais en vrai c'est le contraire,2026-01-24T11:30:53.586448,1,1218193,https://www.tiktok.com/@american_burger_dz/video/7585305151292902676,American Burger,88fb403707
7595211643223933714,tiktok,Sihem Hema,مستحيل,2026-01-24T11:30:53.586449,1,1218193,https://www.tiktok.com/@american_burger_dz/video/7585305151292902676,American Burger,d27c49dce2
7594962559103517441,tiktok,Freesoul_infj5,جيل درك ممكن بصح الذهبي مستحيل ❤️,2026-01-24T11:30:53.586451,1,1218193,https://www.tiktok.com/@american_burger_dz/video/7585305151292902676,American Burger,959db6281d
7585343685786059541,tiktok,fadozinet,"c'est pas vrai , les algériens sont généreux",2026-01-24T11:30:53.586452,3,1218193,https://www.tiktok.com/@american_burger_dz/video/7585305151292902676,American Burger,547c8cce7e
7585330073260589825,tiktok,Amy.ra,Alors lles français c'est 50/50 donc 😏,2026-01-24T11:30:53.586454,3,1218193,https://www.tiktok.com/@american_burger_dz/video/7585305151292902676,American Burger,b5cb35dc09
7593002217784394517,tiktok,meriem_marya🇩🇿,لا أظن ذلك 😒,2026-01-24T11:30:54.487472,1,1218193,https://www.tiktok.com/@american_burger_dz/video/7585305151292902676,American Burger,7f94ee7f59
7592747508339016455,tiktok,Mâhdî,العكس بكل معنى الكلمة,2026-01-24T11:30:54.487480,1,1218193,https://www.tiktok.com/@american_burger_dz/video/7585305151292902676,American Burger,4aac051a2c
7592622108103328520,tiktok,houarihouari6272,jamais de la vie,2026-01-24T11:30:54.487482,1,1218193,https://www.tiktok.com/@american_burger_dz/video/7585305151292902676,American Burger,e1436edf94
7592365127246480130,tiktok,Kurt kury,mohal,2026-01-24T11:30:54.487484,1,1218193,https://www.tiktok.com/@american_burger_dz/video/7585305151292902676,American Burger,76f8f712f8
7592279705202869014,tiktok,👑 Queen 👑,makach manha,2026-01-24T11:30:54.487485,1,1218193,https://www.tiktok.com/@american_burger_dz/video/7585305151292902676,American Burger,a42312d445
7585553801961095939,tiktok,Lyes7593,Arrêter de dire c’est vrai alors là avec un algerien c’est le contraire impossible n’importe quoi beh mtn à partir de cette vidéo assumer alors a oui yek c’est tellement vrai ok ok Tony ok,2026-01-24T11:30:54.487487,2,1218193,https://www.tiktok.com/@american_burger_dz/video/7585305151292902676,American Burger,c34092d251
7585546093690913556,tiktok,👑 maria princesse 👑,و من بعد يقولك ضيعتي راجل ههه,2026-01-24T11:30:54.487488,2,1218193,https://www.tiktok.com/@american_burger_dz/video/7585305151292902676,American Burger,acfce8e54c
7585516871093895943,tiktok,Sweet heart iline,العكس كامل يديروها الا الرجل الجزائري مايديرهاش مستحيل 👑👑👑👑♥♥,2026-01-24T11:30:54.487490,2,1218193,https://www.tiktok.com/@american_burger_dz/video/7585305151292902676,American Burger,c52a3c4c87
7585366331705836309,tiktok,tyuook,هادي ديرها انت خو,2026-01-24T11:30:54.487492,2,1218193,https://www.tiktok.com/@american_burger_dz/video/7585305151292902676,American Burger,9789354933
7591986543117976352,tiktok,souha Souhila,je dirais c'est le contraire,2026-01-24T11:30:54.615476,1,1218193,https://www.tiktok.com/@american_burger_dz/video/7585305151292902676,American Burger,d2bc4b6e27
7586785793265091346,tiktok,Hiba Jasmine Kh,ديما فاضحنا الجزائري 😂,2026-01-24T11:30:54.615485,1,1218193,https://www.tiktok.com/@american_burger_dz/video/7585305151292902676,American Burger,c79864567d
7585436001314472712,tiktok,TheRealFake,Ca se voit que vous n’avez jamais quitter l’Algerie,2026-01-24T11:30:54.615492,1,1218193,https://www.tiktok.com/@american_burger_dz/video/7585305151292902676,American Burger,de4c12c984
7595626424524129044,tiktok,Mimi,Hhhhh,2026-01-24T11:30:54.615494,0,1218193,https://www.tiktok.com/@american_burger_dz/video/7585305151292902676,American Burger,732191ba80
7595571094503277334,tiktok,Rekia,non contraire,2026-01-24T11:30:54.615496,0,1218193,https://www.tiktok.com/@american_burger_dz/video/7585305151292902676,American Burger,222e973d4c
7595507200598246164,tiktok,Mk,Hhhhhh,2026-01-24T11:30:54.615497,0,1218193,https://www.tiktok.com/@american_burger_dz/video/7585305151292902676,American Burger,d15fbbe5f7
7586408571040318220,tiktok,Ben Romdhane Søsö🇹🇳🙏🇶🇦,العكس ارجال رجال هوما العرب🥰,2026-01-24T11:30:54.615499,0,1218193,https://www.tiktok.com/@american_burger_dz/video/7585305151292902676,American Burger,b3229071ef
7586355464317747971,tiktok,midou🇪🇺,والعكس صحيح نهار تخرج تشوف وليدو,2026-01-24T11:30:54.615500,0,1218193,https://www.tiktok.com/@american_burger_dz/video/7585305151292902676,American Burger,00e0c83448
7586246556812788487,tiktok,Naima Brada,بالعكس الاجانب عندهم حساب صابون,2026-01-24T11:30:54.615502,0,1218193,https://www.tiktok.com/@american_burger_dz/video/7585305151292902676,American Burger,3bca76e1df
7586219520085312268,tiktok,➹ســـᬼــومـا,شعب جزائري 😂روووعه وأقسم بالله ليبيا🇱🇾🤭,2026-01-24T11:30:54.615504,0,1218193,https://www.tiktok.com/@american_burger_dz/video/7585305151292902676,American Burger,cf0f0ff722
7586033587565265672,tiktok,shanezi,فرنسي مستحيل,2026-01-24T11:30:54.615505,0,1218193,https://www.tiktok.com/@american_burger_dz/video/7585305151292902676,American Burger,6ffa82071a
7586029609926837013,tiktok,فلسطينيه🇵🇸,لحظه عمله ايطاليا نفسها فلسطين🤨🤨,2026-01-24T11:30:54.615507,0,1218193,https://www.tiktok.com/@american_burger_dz/video/7585305151292902676,American Burger,7c2c053a55
7585512646084199175,tiktok,amine,بالاك انت ديرها الزعيم 🤣🤣,2026-01-24T11:30:55.554043,1,1218193,https://www.tiktok.com/@american_burger_dz/video/7585305151292902676,American Burger,390f668376
7585893531518239510,tiktok,Coccinelle 🐞,غير صحيح فرنسي c’est le pire,2026-01-24T11:30:55.554051,0,1218193,https://www.tiktok.com/@american_burger_dz/video/7585305151292902676,American Burger,9ec7d525ba
7585890372665017089,tiktok,🩷كوثر🩷kawther BL 🩷,فرنسي تان طلاب🤣,2026-01-24T11:30:55.554053,0,1218193,https://www.tiktok.com/@american_burger_dz/video/7585305151292902676,American Burger,a71913ba7f
7585572875412996884,tiktok,hamza 31,تبغو البراني ڨالك دوري درتي الحمد لله تربينا حنا المسؤولين على البيت والزوجة,2026-01-24T11:30:55.554054,0,1218193,https://www.tiktok.com/@american_burger_dz/video/7585305151292902676,American Burger,4def0b802a
7585565826876916502,tiktok,🦋⁂༄Ҝḽ𝐲༄⁂🦋,"Si c’était le contraire, pourquoi il y a autant de femmes qui appellent Ranelle ? 🤣🤣🤣🤣",2026-01-24T11:30:55.554056,0,1218193,https://www.tiktok.com/@american_burger_dz/video/7585305151292902676,American Burger,6debace6be
7585537925710988054,tiktok,amged hamza,c pas vrai ya pas mieux que les algerienne hhhhhh c le contraire oui,2026-01-24T11:30:55.554063,0,1218193,https://www.tiktok.com/@american_burger_dz/video/7585305151292902676,American Burger,aacaf2febb
7585525681259004690,tiktok,Adam Zitouni,العكس تماما لي مجوزش الغربة يصدق الفيديو,2026-01-24T11:30:55.554066,0,1218193,https://www.tiktok.com/@american_burger_dz/video/7585305151292902676,American Burger,28c5697119
7585516098205434642,tiktok,Oussama 🇩🇿,بلاك عمرك خرجت من حومتك الفيديو راهو معكوس,2026-01-24T11:30:55.554067,0,1218193,https://www.tiktok.com/@american_burger_dz/video/7585305151292902676,American Burger,cf501d91b2
7598865492771078930,tiktok,Maya Ahlem,😁😁😁😁😁😁😁,2026-01-24T11:30:55.554069,0,1218193,https://www.tiktok.com/@american_burger_dz/video/7585305151292902676,American Burger,bdf13b4b11
7585546204094120707,tiktok,mimi25,الجزايري لي عايش في الجزاير ما يديرهاش. الي عايش في فرنسا يديرها,2026-01-24T11:30:55.799134,0,1218193,https://www.tiktok.com/@american_burger_dz/video/7585305151292902676,American Burger,991d85e1a8
7585518489588433686,tiktok,Diam’s💎♈️🎀🤍,بالعكس أنا تونسي ونقولكم الجزائر اكرام رجل شفتو خدمت معهم وعشرتهم بهينا بارشا ورجل بصاح,2026-01-24T11:30:55.799162,0,1218193,https://www.tiktok.com/@american_burger_dz/video/7585305151292902676,American Burger,fdde2cbde9
7596488044124324620,tiktok,احب الروسيات,💘,2026-01-24T11:30:55.799166,1,1218193,https://www.tiktok.com/@american_burger_dz/video/7585305151292902676,American Burger,1848970453
7596487999124554508,tiktok,احب الروسيات,💞,2026-01-24T11:30:55.799168,1,1218193,https://www.tiktok.com/@american_burger_dz/video/7585305151292902676,American Burger,3580f2ba63
7596488075316839224,tiktok,احب الروسيات,🥰,2026-01-24T11:30:55.799170,1,1218193,https://www.tiktok.com/@american_burger_dz/video/7585305151292902676,American Burger,cdf90bbea7
7596403094850749204,tiktok,Lila,😳😳😳😳,2026-01-24T11:30:55.799171,1,1218193,https://www.tiktok.com/@american_burger_dz/video/7585305151292902676,American Burger,efbed8ff29
7595979551084462868,tiktok,Ya ldiz,@☑️ Sohaib Phone ☑️,2026-01-24T11:30:55.799173,1,1218193,https://www.tiktok.com/@american_burger_dz/video/7585305151292902676,American Burger,402c8da66d
7595289727297864456,tiktok,Mayaro.Mayaro,😁😁😁,2026-01-24T11:30:55.799174,1,1218193,https://www.tiktok.com/@american_burger_dz/video/7585305151292902676,American Burger,b9b00b23ff
7594999194638992136,tiktok,Døl ära,😁😁😁,2026-01-24T11:30:55.799176,1,1218193,https://www.tiktok.com/@american_burger_dz/video/7585305151292902676,American Burger,4f9cb5bb05
7594538016678429448,tiktok,🌹Amina 🌹,🥺😫🥺🥺😫🥺,2026-01-24T11:30:55.799177,1,1218193,https://www.tiktok.com/@american_burger_dz/video/7585305151292902676,American Burger,a839d1d7c7
7593007741050061589,tiktok,Ankach Moha,😁,2026-01-24T11:30:55.799178,1,1218193,https://www.tiktok.com/@american_burger_dz/video/7585305151292902676,American Burger,54a767f99e
7592372311488774934,tiktok,joujou🇨🇵🇲🇫Lille,🥰🥰🥰,2026-01-24T11:30:55.799180,1,1218193,https://www.tiktok.com/@american_burger_dz/video/7585305151292902676,American Burger,d1c23ff5ab
7592281209129272082,tiktok,Marouf Ismail,😅😅,2026-01-24T11:30:55.799181,1,1218193,https://www.tiktok.com/@american_burger_dz/video/7585305151292902676,American Burger,b1c2569a54
7585513764221928199,tiktok,مولات لخدود 🎀,@رفيف @Khalil dz كنت حنهدر خسرها دزيري 🤣🤣🤣🤣,2026-01-24T11:30:55.799183,2,1218193,https://www.tiktok.com/@american_burger_dz/video/7585305151292902676,American Burger,b460deca04
7585318268610429714,tiktok,Me.h.Di 16bz,😂😂😂,2026-01-24T11:30:55.799184,2,1218193,https://www.tiktok.com/@american_burger_dz/video/7585305151292902676,American Burger,c3fd15b8d8
7595878806511174401,tiktok,🦍𝐀𝐲𝐦𝐞𝐧 |ايمن 🦍,🔥,2026-01-24T11:30:55.799185,0,1218193,https://www.tiktok.com/@american_burger_dz/video/7585305151292902676,American Burger,e57c97d74f
7595357781160805127,tiktok,sola,😁😁😁,2026-01-24T11:30:55.799187,0,1218193,https://www.tiktok.com/@american_burger_dz/video/7585305151292902676,American Burger,d16742d2a3
7587108673110573832,tiktok,Souma souma,اللي معاش الغربة يسحاب بصح😂😂😂,2026-01-24T11:30:56.606558,0,1218193,https://www.tiktok.com/@american_burger_dz/video/7585305151292902676,American Burger,c5ac1eddd9
7585962394175062791,tiktok,JoNeS KinaNe,اللي خدم ولا خدمت الفيديو نتحداك اذا خرج من الجزائر 🇩🇿,2026-01-24T11:30:56.606569,0,1218193,https://www.tiktok.com/@american_burger_dz/video/7585305151292902676,American Burger,001b2b09a0
7585457429904573196,tiktok,user6902405839566,🤣🤣🤣🤣🤣🤣 Hedi impossible chez nous 🇩🇿,2026-01-24T11:30:56.606571,0,1218193,https://www.tiktok.com/@american_burger_dz/video/7585305151292902676,American Burger,fe43380270
7594829189020173063,tiktok,Salewa,😁😁😁,2026-01-24T11:30:56.774526,0,1218193,https://www.tiktok.com/@american_burger_dz/video/7585305151292902676,American Burger,0c66f78c1c
7586020498455905044,tiktok,لولو,🤣🤣🤣🤣🤣 حلا وخلاص,2026-01-24T11:33:37.916412,0,1218193,https://www.tiktok.com/@american_burger_dz/video/7585305151292902676,American Burger,e98ae68d6f
7585983047918469910,tiktok,Amal Namane 🤩,الزين يحشم على زينه والخايب الى هداه الله 😳,2026-01-24T11:33:37.916414,0,1218193,https://www.tiktok.com/@american_burger_dz/video/7585305151292902676,American Burger,e3f7281056
7585550330336346887,tiktok,جوري جوري,جيل الثمانينات يحوس يعيش على ظهر مرى,2026-01-24T11:33:37.916418,0,1218193,https://www.tiktok.com/@american_burger_dz/video/7585305151292902676,American Burger,64844f4f77
7593047974361285398,tiktok,Palestine,C pas vrais du tout,2026-01-24T11:33:38.661758,1,1218193,https://www.tiktok.com/@american_burger_dz/video/7585305151292902676,American Burger,1d7c454018
7585422915710944007,tiktok,Louai,العكس هوما لي هكا حنا هذا يحلف ولاخر يحلف هوما ماتسلكش 50 بالمئة ماتاكلش,2026-01-24T11:33:38.661787,0,1218193,https://www.tiktok.com/@american_burger_dz/video/7585305151292902676,American Burger,57cee5efc0
7585500693202289426,tiktok,Smail nas elmanara,ممكن الجيل هدا بصح جيل التسعينات ماتمشيش معاه العقلية هدي,2026-01-24T11:33:38.976410,0,1218193,https://www.tiktok.com/@american_burger_dz/video/7585305151292902676,American Burger,b94b77cdd0
7585484883309937415,tiktok,Musnis,روحي سقسي كارولين تفهمي 😂,2026-01-24T11:33:39.916275,0,1218193,https://www.tiktok.com/@american_burger_dz/video/7585305151292902676,American Burger,4ff0547fcc
