comment_id,final_id,comment_text,platform,source_name,date,likesCount,food,service,place,delivery,price,treatment,out_of_scope,post_id,model_prediction,feeling
43948,656681,"هذو اللي راهم يقولوا 500, 000 جاتهم غاليه وما على باليش وناكل عند السلطع واحد ندخل شريك مع هشام كوك وواحد ما على باليش على كل حال احلييل اجماعه والله العظيم غير أحليل يا خويا العزيز ما يخفالكش بليك بلا كيما هذا ياكلوا فيه 10 من الناس وبصحتكم وبالبركه على الاخ والله بكل انصاف كيما قالوا في المستوى وفي متناول الجميع يعطيك صحة خو [APPRECIATION]",tiktok,Dz Forest Restaurant,2026-01-02T20:11:33.052626,0,,,,,Appreciation,,False,1061.0,"[""price_appreciation""]",positive
43908,420409,الله الابه,tiktok,Dz Forest Restaurant,2026-01-02T20:11:32.869766,0,,,,,,,True,1061.0,[],neutral
44054,277487,هداك هو مكاش تغيير زعما,tiktok,Dz Forest Restaurant,2026-01-02T20:11:36.764945,0,,,,,,,True,1061.0,[],neutral
44586,135116,على الأقل زيد شلاظة وفرماج,tiktok,Dz Forest Restaurant,2026-01-02T20:11:59.457738,0,complaint,,,,,,False,1061.0,"[""food_complaint""]",negative
43890,278931,تحسبها تلقها 560 ولا 570,tiktok,Dz Forest Restaurant,2026-01-02T20:11:32.083887,1,,,,,complaint,,False,1061.0,"[""price_complaint""]",negative
44318,273695,فيها الحميص خاوتي هذاك هو,tiktok,Dz Forest Restaurant,2026-01-02T20:11:47.144721,0,Appreciation,,,,,,False,1061.0,"[""food_appreciation""]",positive
44140,941520,الخروف راه 150 الف الكيلو,tiktok,Dz Forest Restaurant,2026-01-02T20:11:39.498528,0,,,,,Complaint,,False,1061.0,"[""price_complaint""]",negative
43782,814417,صحاب ليكومونتار قهويين شبغيتو السعر هذاك هو,tiktok,Dz Forest Restaurant,2026-01-02T20:11:30.146853,0,,,,,Appreciation,,False,1061.0,"[""price_appreciation""]",positive
44226,810456,بون بري ربي باركلك شيخ,tiktok,Dz Forest Restaurant,2026-01-02T20:11:41.303516,0,,,,,,,True,1061.0,[],neutral
44172,136753,كون تزيدلها رشة معدنوس و شوية قصبر تجي سواسوا هاذيك هي  [RECOMMENDATION],tiktok,Dz Forest Restaurant,2026-01-02T20:11:40.511656,0,Recommendation,,,,,,False,1061.0,"[""food_recommendation""]",positive
44128,661877,500 الف نروح عن شواي زعيم ندخل معاه شريك,tiktok,Dz Forest Restaurant,2026-01-02T20:11:39.498518,0,,,,,Complaint,,False,1061.0,"[""price_complaint""]",negative
44480,531470,منك بصح 500الف هههههه يخي,tiktok,Dz Forest Restaurant,2026-01-02T20:11:54.829318,0,,,,,Complaint,,False,1061.0,"[""price_complaint""]",negative
43938,152093,CEST DONNÉ,tiktok,Dz Forest Restaurant,2026-01-02T20:11:33.052619,1,,,,,,,True,1061.0,[],neutral
44074,269021,honnête bravo,tiktok,Dz Forest Restaurant,2026-01-02T20:11:36.764960,0,,,Appreciation,,,,False,1061.0,"[""place_appreciation""]",positive
44180,945528,خسارة مكاش لي موناد مجانا,tiktok,Dz Forest Restaurant,2026-01-02T20:11:40.511665,0,,,,,complaint,,False,1061.0,"[""price_complaint""]",negative
44076,402706,تبيع بلعضة خويا,tiktok,Dz Forest Restaurant,2026-01-02T20:11:36.764962,0,,,,,complaint,,False,1061.0,"[""price_complaint""]",negative
43946,535881,مليحة  [APPRECIATION],tiktok,Dz Forest Restaurant,2026-01-02T20:11:33.052625,1,,,appreciation,,,,False,1061.0,"[""place_appreciation""]",positive
43962,547645,نزيد مياتلف وناكل عند هشام كوك دوك كنت نشوف زادلهم فينيقرات,tiktok,Dz Forest Restaurant,2026-01-02T20:11:33.052636,5,,,,,Complaint,,False,1061.0,"[""price_complaint""]",negative
44528,663401,Pour toi parce que en France tu peux pas te permettre de les manger !,tiktok,Dz Forest Restaurant,2026-01-02T20:11:55.384169,0,,,,,,,True,1061.0,[],neutral
44494,544176,استغفر الله . و الله ما نقدر نشري ب 500 الف . حدي حد 100 الف.,tiktok,Dz Forest Restaurant,2026-01-02T20:11:55.060117,0,,,,,Complaint,,False,1061.0,"[""price_complaint""]",negative
44146,285979,بلاص وين صاحبي,tiktok,Dz Forest Restaurant,2026-01-02T20:11:39.498533,0,,,Inquiry,,,,False,1061.0,"[""place_inquiry""]",neutral
44674,268307,مع طابلة والكراسة مايجوش بذيك السومة,tiktok,Dz Forest Restaurant,2026-01-02T20:12:02.219700,0,,,,,Complaint,,False,1061.0,"[""price_complaint""]",negative
44118,792903,آلله ايبارك هذاك هو,tiktok,Dz Forest Restaurant,2026-01-02T20:11:38.303339,0,,,,,,,True,1061.0,[],neutral
43960,806248,عجبني العرض تاعك خير من تع هشام كوك,tiktok,Dz Forest Restaurant,2026-01-02T20:11:33.052634,0,,,,,,,True,1061.0,[],neutral
43776,933898,سومة مليحة رآه فيه الحميص والفريت والغزوز,tiktok,Dz Forest Restaurant,2026-01-02T20:11:30.146836,7,,,,,Appreciation,,False,1061.0,"[""price_appreciation""]",positive
44332,662799,500 الف قعدة في 10 فينا الارنب البري أو لي زابا اونسوس حادرين مع الجو أو لهوا نقي عن البربر اتحتث  ربي عاونكم [APPRECIATION],tiktok,Dz Forest Restaurant,2026-01-02T20:11:47.144735,0,,,,,,,True,1061.0,[],neutral
44022,135552,500ألف ناكل كويس تاع إيناس عبدلي,tiktok,Dz Forest Restaurant,2026-01-02T20:11:35.500155,0,,,,,Complaint,,False,1061.0,"[""price_complaint""]",negative
43854,157897,این المحل اخی الکریم ربی یعینك,tiktok,Dz Forest Restaurant,2026-01-02T20:11:32.019806,0,,,inquiry,,,,False,1061.0,"[""place_inquiry""]",neutral
43796,812389,"c'est le prix le moins chère du monde , vive l'Algérie.",tiktok,Dz Forest Restaurant,2026-01-02T20:11:31.252313,0,,,,,Appreciation,,False,1061.0,"[""price_appreciation""]",positive
44666,398035,مع قرعة ڨازوز هذيك هي مغلطتش,tiktok,Dz Forest Restaurant,2026-01-02T20:12:02.219693,0,,,,,appreciation,,False,1061.0,"[""price_appreciation""]",positive
43746,142465,ليزالجيريا ميحشموش صح أعط تشريهم و طيبهم وحدك يستقامولك 200ألف,tiktok,Dz Forest Restaurant,2026-01-02T20:11:27.904471,1,,,,,Complaint,,False,1061.0,"[""price_complaint""]",negative
43866,423829,بهداك اللحم پيريمي تاع البريزيل؟,tiktok,Dz Forest Restaurant,2026-01-02T20:11:32.083865,1,"complaint,inquiry",,,,,,False,1061.0,[],neutral
44508,657559,500 الف نروح بيها للمروك نشبع طواحين,tiktok,Dz Forest Restaurant,2026-01-02T20:11:55.384152,0,,,,,Complaint,,False,1061.0,"[""price_complaint""]",negative
43976,161495,راك فالمعقول سعر معقول اين يوجد هدا المطعم,tiktok,Dz Forest Restaurant,2026-01-02T20:11:34.194221,2,,,Inquiry,,Appreciation,,False,1061.0,"[""place_inquiry"", ""price_appreciation""]",positive
43968,946479,Makla. pour 5 personnes. on cotise. x5. Ça nous reviens moins cher,tiktok,Dz Forest Restaurant,2026-01-02T20:11:34.194214,1,,,,,,,True,1061.0,[],neutral
44622,265568,تخص حاجة هيا قرعة ڨازوز دوزيام سيريو,tiktok,Dz Forest Restaurant,2026-01-02T20:12:00.943147,0,recommendation,,,,,,False,1061.0,"[""food_recommendation""]",positive
44470,678475,10 كبدة 70. 10 ماريني 50 . 10 لحم 60 . 10 مرقاز 70 . عشرة سكالوب 30. 10 قلب 40 10 كباب 60 جاجة 120 مع الفريت والحميص سعر معقول جدا بشرط كبدة متكونش تاع الجاج,tiktok,Dz Forest Restaurant,2026-01-02T20:11:54.829311,1,,,,,Appreciation,,False,1061.0,"[""price_appreciation""]",positive
43772,789913,كي دير حساب لشخص واحد 5اصحاب1000da سعر ممتاز.,tiktok,Dz Forest Restaurant,2026-01-02T20:11:30.146828,0,,,,,Appreciation,,False,1061.0,"[""price_appreciation""]",positive
44094,556195,سومة. مكان مكان هذيك هي نفس سومة في كل لي ريسطورو,tiktok,Dz Forest Restaurant,2026-01-02T20:11:38.303313,0,,,,,Complaint,,False,1061.0,"[""price_complaint""]",negative
44558,393430,هدي عدنا ف وهران تجيك. فوق مليون . هنا طغاو,tiktok,Dz Forest Restaurant,2026-01-02T20:11:56.278214,0,,,,,Complaint,,False,1061.0,"[""price_complaint""]",negative
44450,940048,آيّهِ فُشّـبّـآبّـ,tiktok,Dz Forest Restaurant,2026-01-02T20:11:53.838453,0,,,,,,,True,1061.0,[],neutral
44600,930119,نحي دجاجة بشحال تحسبلي ؟!,tiktok,Dz Forest Restaurant,2026-01-02T20:11:59.457751,0,,,,,inquiry,,False,1061.0,"[""price_inquiry""]",neutral
44280,686059,والسلام عليكم,tiktok,Dz Forest Restaurant,2026-01-02T20:11:44.775994,0,,,,,,,True,1061.0,[],neutral
44032,949090,تعواش الكبدة خروف ولا جاج,tiktok,Dz Forest Restaurant,2026-01-02T20:11:35.500163,1,Inquiry,,,,,,False,1061.0,"[""food_inquiry""]",neutral
43904,677890,الله يبارك شهيتنى,tiktok,Dz Forest Restaurant,2026-01-02T20:11:32.869762,0,,,,,,,True,1061.0,[],neutral
43942,407093,سعر خيالي,tiktok,Dz Forest Restaurant,2026-01-02T20:11:33.052622,1,,,,,Complaint,,False,1061.0,"[""price_complaint""]",negative
44574,423962,طايحة هديك هي سومة وش من عرض,tiktok,Dz Forest Restaurant,2026-01-02T20:11:59.457717,0,,,,,Complaint,,False,1061.0,"[""price_complaint""]",negative
44310,526873,Bon prix wallah c’est raisonnable c’est tu compte 70 brochettes à 6 alef420 plus un poulet rôti frites j’ai,tiktok,Dz Forest Restaurant,2026-01-02T20:11:47.144713,0,,,,,Appreciation,,False,1061.0,"[""price_appreciation""]",positive
44530,538153,vive la viande d âne,tiktok,Dz Forest Restaurant,2026-01-02T20:11:55.384171,0,Appreciation,,,,,,False,1061.0,"[""food_appreciation""]",positive
44132,815731,واش ندير بالقلب,tiktok,Dz Forest Restaurant,2026-01-02T20:11:39.498521,0,,,,,,,True,1061.0,[],neutral
43996,160394,على 3 تع صباح خرجلي فيديو حمستني,tiktok,Dz Forest Restaurant,2026-01-02T20:11:34.194236,2,,,,,,,True,1061.0,[],neutral
43770,150542,لباس معقول عرضة ثلاثة من ناس,tiktok,Dz Forest Restaurant,2026-01-02T20:11:30.146824,0,,,,,,,True,1061.0,[],neutral
44254,806242,سعر مليح,tiktok,Dz Forest Restaurant,2026-01-02T20:11:43.250402,0,,,,,Appreciation,,False,1061.0,"[""price_appreciation""]",positive
43966,274352,عندنا في شرق حبيبي حسبتها جاتك 420 الف صحبوب,tiktok,Dz Forest Restaurant,2026-01-02T20:11:34.194212,0,,,,,Complaint,,False,1061.0,"[""price_complaint""]",negative
44330,263230,والله كامل 300,tiktok,Dz Forest Restaurant,2026-01-02T20:11:47.144733,0,,,,,,,True,1061.0,[],neutral
43982,655367,انا حسبتها غالي بصح كي قلت فيها الخبز وقرعة لڨازوز هذيك هيا,tiktok,Dz Forest Restaurant,2026-01-02T20:11:34.194225,1,,,,,Appreciation,,False,1061.0,"[""price_appreciation""]",positive
44276,817705,سومة تع لورو,tiktok,Dz Forest Restaurant,2026-01-02T20:11:44.775979,0,,,,,Complaint,,False,1061.0,"[""price_complaint""]",negative
44640,656355,شحال لازم نخلص باش انجيبلك 500الف,tiktok,Dz Forest Restaurant,2026-01-02T20:12:00.943160,0,,,,,Inquiry,,False,1061.0,"[""price_inquiry""]",neutral
43740,930481,"Autrement dit 1/2 million, le salaire moyen c’est 3 millions soit un 1/6 d’un salaire pour un repas c’est aberrant !",tiktok,Dz Forest Restaurant,2026-01-02T20:11:27.904466,1,,,,,Complaint,,False,1061.0,"[""price_complaint""]",negative
44536,134062,نقول للمحسن احسنت وللمخطئ اخطأت دومي مال مليحة الخاوة باين يدي شوي فايدة ليه حق الكرا والخدام وحقو دومي مال مقبولة,tiktok,Dz Forest Restaurant,2026-01-02T20:11:56.278186,0,,,,,,,True,1061.0,[],neutral
43956,787419,الله ابارك روح شوف البرومو تع هشام كوك ب 600ااف و اضحك على الناس,tiktok,Dz Forest Restaurant,2026-01-02T20:11:33.052632,0,,,,,Complaint,,False,1061.0,"[""price_complaint""]",negative
44638,263492,pas très hygiénique la barbe.,tiktok,Dz Forest Restaurant,2026-01-02T20:12:00.943159,0,,,Complaint,,,,False,1061.0,"[""place_complaint""]",negative
44654,673683,عندنا في الجلفة 70 ×4000=210الف دجاج ب 90 الف والفريت ب15 والحميص باطل والقازوز ب15 330 الف كامل هذي في الجلفة ولي ماشي مصدق يجي لجلفة نديه ياكل عذون كامل بذي السومة,tiktok,Dz Forest Restaurant,2026-01-02T20:12:02.219671,0,,,,,Complaint,,False,1061.0,"[""price_complaint""]",negative
44086,553677,500 نشري كيلو مرقاز و2 دجاج ونشري كيلواللحم ونشري نصف كيلواللحم مرحي وكيلو فلفل حلو وكيلو حار وكيلو طماطم ونعرض عمي وولادو وعمتي وولادها وخالي وخالتي،،،،،،،،،،،،الخ نديرو العرس وتفضل تسعين الف,tiktok,Dz Forest Restaurant,2026-01-02T20:11:38.303303,0,,,,,Complaint,,False,1061.0,"[""price_complaint""]",negative
44522,811017,بالقرعة تاع لقازوز هذيك هي في عين مليلة تتعشى هك ب 250 ويزيد يمدلك لحلوة,tiktok,Dz Forest Restaurant,2026-01-02T20:11:55.384164,0,,,,,Appreciation,,False,1061.0,"[""price_appreciation""]",positive
43838,417092,هذاك هو ما درتوحتى مزية,tiktok,Dz Forest Restaurant,2026-01-02T20:11:32.019789,0,,,,,,,True,1061.0,[],neutral
44028,532662,ولي يدي غي ليبروشات شحال,tiktok,Dz Forest Restaurant,2026-01-02T20:11:35.500159,0,,,,,complaint,,False,1061.0,"[""price_complaint""]",negative
44566,145934,500 نجيب ميسي يتواركيلي,tiktok,Dz Forest Restaurant,2026-01-02T20:11:56.278220,0,,,,,complaint,,False,1061.0,"[""price_complaint""]",negative
43916,277328,mliha les équipes w n9i mchallah,tiktok,Dz Forest Restaurant,2026-01-02T20:11:32.869775,1,,appreciation,appreciation,,,appreciation,False,1061.0,"[""service_appreciation"", ""place_appreciation"", ""treatment_appreciation""]",positive
44608,794402,لعروض لي خلاوني قاعد فدزاير,tiktok,Dz Forest Restaurant,2026-01-02T20:11:59.457758,0,,,appreciation,,,,False,1061.0,"[""place_appreciation""]",positive
44024,413737,الحق يقال سعر معقول هاذاك هوا. ربي يوفق ان شاء الله,tiktok,Dz Forest Restaurant,2026-01-02T20:11:35.500157,0,,,,,Appreciation,,False,1061.0,"[""price_appreciation""]",positive
44010,139944,يا خو لحم حلال,tiktok,Dz Forest Restaurant,2026-01-02T20:11:34.553656,1,inquiry,,,,,,False,1061.0,"[""food_inquiry""]",neutral
44144,545439,كامل 520000 في تاجنانت,tiktok,Dz Forest Restaurant,2026-01-02T20:11:39.498531,0,,,,,complaint,,False,1061.0,"[""price_complaint""]",negative
43924,554621,هذا صحا,tiktok,Dz Forest Restaurant,2026-01-02T20:11:32.869789,0,,,Inquiry,,,,False,1061.0,"[""place_inquiry""]",neutral
44170,414514,والله غير سومة هايلة جدا. قاع,tiktok,Dz Forest Restaurant,2026-01-02T20:11:40.511654,0,,,,,Appreciation,,False,1061.0,"[""price_appreciation""]",positive
44328,683734,500الف نشري بيها جدي,tiktok,Dz Forest Restaurant,2026-01-02T20:11:47.144732,0,,,,,Complaint,,False,1061.0,"[""price_complaint""]",negative
44178,420905,كليتو في ريسطورو تاع اليمن في عنابة ب 350,tiktok,Dz Forest Restaurant,2026-01-02T20:11:40.511663,0,,,,,,,True,1061.0,[],neutral
44606,283076,هاذيك هيا سومة خارجة قرعة قازوز باطل ههههه ماشي حاجة,tiktok,Dz Forest Restaurant,2026-01-02T20:11:59.457756,0,,,,,Appreciation,,False,1061.0,"[""price_appreciation""]",positive
44188,938939,تواصل فيها,tiktok,Dz Forest Restaurant,2026-01-02T20:11:40.511673,0,,,,,,,True,1061.0,[],neutral
43940,800725,Respect pour tes prix aux delà du reasonable.  [APPRECIATION] [TREATMENT],tiktok,Dz Forest Restaurant,2026-01-02T20:11:33.052621,2,,,Appreciation,,Appreciation,,False,1061.0,"[""place_appreciation"", ""price_appreciation""]",positive
44214,528043,ناكل 150 مطرق كبدة في راس الواد ب 500,tiktok,Dz Forest Restaurant,2026-01-02T20:11:41.303502,0,,,,,Complaint,,False,1061.0,"[""price_complaint""]",negative
44038,529011,win ?,tiktok,Dz Forest Restaurant,2026-01-02T20:11:35.500167,0,,,Inquiry,,,,False,1061.0,"[""place_inquiry""]",neutral
44268,160512,من 80 ل 100 فايدة [APPRECIATION],tiktok,Dz Forest Restaurant,2026-01-02T20:11:43.250433,0,,,,,complaint,,False,1061.0,"[""price_complaint""]",negative
44468,554076,500الف نشري رسلة تع جديان ونتكيها الكل,tiktok,Dz Forest Restaurant,2026-01-02T20:11:54.829310,1,,,,,Complaint,,False,1061.0,"[""price_complaint""]",negative
44548,658523,رخيس ؟ يس بنين؟ لا,tiktok,Dz Forest Restaurant,2026-01-02T20:11:56.278206,0,complaint,,,,appreciation,,False,1061.0,"[""food_complaint"", ""price_appreciation""]",neutral
44142,935457,والله مليحة علكيف,tiktok,Dz Forest Restaurant,2026-01-02T20:11:39.498530,0,,,,,,,True,1061.0,[],neutral
43884,677874,مليح 500 الف,tiktok,Dz Forest Restaurant,2026-01-02T20:11:32.083883,1,,,,,Appreciation,,False,1061.0,"[""price_appreciation""]",positive
44634,537839,رواح وهران صاحبي رواح رانا مسحقينك,tiktok,Dz Forest Restaurant,2026-01-02T20:12:00.943156,0,,,,,,,True,1061.0,[],neutral
44324,280906,سعر مناسب، 70 × 50 = 3500 دج + 1000 دج دجاجة + 200 دج فريت + 200 دج حميص+ 100 دج قازوز = 5000 دج,tiktok,Dz Forest Restaurant,2026-01-02T20:11:47.144725,0,,,,,Appreciation,,False,1061.0,"[""price_appreciation""]",positive
44644,661301,تعجبني تاع وقرعة ڨازوز,tiktok,Dz Forest Restaurant,2026-01-02T20:12:00.943163,0,appreciation,,,,,,False,1061.0,"[""food_appreciation""]",positive
43984,270807,العنوان من فضلك مشاء الله غير نهبط للبلاد راني عندك انشاء الله. يخلف علي الاورو راهو غالي .,tiktok,Dz Forest Restaurant,2026-01-02T20:11:34.194227,1,,,,,,,True,1061.0,[],neutral
43880,926401,العنون من فضلكم,tiktok,Dz Forest Restaurant,2026-01-02T20:11:32.083879,1,,,Inquiry,,,,False,1061.0,"[""place_inquiry""]",neutral
43752,554026,500 ندخل شريك مع هشام كوك,tiktok,Dz Forest Restaurant,2026-01-02T20:11:27.904476,13,,,,,complaint,,False,1061.0,"[""price_complaint""]",negative
44204,131801,والله يستاهل  [APPRECIATION],tiktok,Dz Forest Restaurant,2026-01-02T20:11:40.625291,0,,,,,,,True,1061.0,[],neutral
44518,927092,"je mets ma main à couper que si le prix des automobile serait le même en France qu'en Algérie tous les français prendrais le métro , ne vous fiez pas au smic ils savent faire de l'argent. bien sur il y a des miséreux partout .",tiktok,Dz Forest Restaurant,2026-01-02T20:11:55.384161,0,,,,,,,True,1061.0,[],neutral
10377,553742,واش خليتي لهاا500الف نشري فخض ونشويه ونشبع خير,Facebook,Dz Forest Restaurant,2025-10-14T16:16:46.000Z,0,,,,,complaint,,False,1269.0,"[""price_complaint""]",negative
10028,787545,Hamid Le Grand انيييك باباك الكللب ياخنزييير بن خنزززير ياطحااان يالقييييط تع زززززبي,Facebook,Dz Forest Restaurant,2025-10-13T12:25:29.000Z,0,,,,,,,True,1269.0,[],neutral
9673,547462,يونس عبد الرؤوف علاه المرڨاز تاع سيد هذا نضيف. ؟!,Facebook,Dz Forest Restaurant,2025-10-13T10:25:05.000Z,1,inquiry,,,,,,False,1269.0,"[""food_inquiry""]",neutral
10068,140721,Abdesselem Abdessemad واحد كيما نتا كون يديرهالك بمية متروحش تاكل برا هادي داخلة فالثقافة,Facebook,Dz Forest Restaurant,2025-10-13T13:02:46.000Z,1,,,,,complaint,,False,1269.0,"[""price_complaint""]",negative
10485,265784,علاه 500 الف باطل بزززززاف,Facebook,Dz Forest Restaurant,2025-10-13T13:08:17.000Z,0,,,,,Complaint,,False,1269.0,"[""price_complaint""]",negative
10050,786644,Abdou Mezaguer ن حتشون يماك القحبة مديرو في مك وتمسح فيك يا ديوث,Facebook,Dz Forest Restaurant,2025-10-13T11:38:55.000Z,0,,,,,,,True,1269.0,[],neutral
9985,535259,Hmidat Aissni هيه احسبهم با 300 الف و كمل لحساب تلقاه زايد مشي منقص,Facebook,Dz Forest Restaurant,2025-10-13T11:50:41.000Z,0,,,,,Complaint,,False,1269.0,"[""price_complaint""]",negative
10776,134013,خليل رحماني بلاك انت تروح تقلش ماشي تروح تشبع كرشك,Facebook,Dz Forest Restaurant,2025-10-14T18:22:42.000Z,0,,,,,,,True,1269.0,[],neutral
9658,937371,حنان بوخنفير بغابة بن مراد برج الكيفان وهذا هو الموقع https://maps. app. goo. gl/TJSKoH1ae6Mn7c9f9? g_st=ac,Facebook,Dz Forest Restaurant,2025-10-16T18:09:38.000Z,0,,,,,,,True,1269.0,[],neutral
9883,658217,Hamid Le Grand لعنة الله عليك يا كلب,Facebook,Dz Forest Restaurant,2025-10-13T07:59:44.000Z,0,,,,,,,True,1269.0,[],neutral
9610,265405,أم دانيال مرحبا بكم  [APPRECIATION],Facebook,Dz Forest Restaurant,2025-10-16T17:56:38.000Z,0,,,,,,,True,1269.0,[],neutral
10713,142837,خليل رحماني حشالكم الله غالب . هههه بصح هدي مهيش نورمال 500 الف ؟؟؟؟ نشري نص كيلو لحم هبرة 150الف نص كيلو مرڨاز 70 الف كيلو سكالوب 80الف نص كيلو ليزابا 60 الف جاجة 80 الف نشري قرعة ڨازوز 15 الف 3كيلو بطاطا 20 الف فرماج وبيض 20 الف والعائلة الكريمة كامل تاكل الله يبارك ماشي زوج بروشات تاع الشحمة محروقين غير لعواد تقول 500 الف,Facebook,Dz Forest Restaurant,2025-10-13T23:51:42.000Z,0,,,,,Complaint,,False,1269.0,"[""price_complaint""]",negative
10516,655599,خليل رحماني هذاك حشاهالكم,Facebook,Dz Forest Restaurant,2025-10-13T07:39:00.000Z,0,,,,,,,True,1269.0,[],neutral
10332,150654,Mohamed Solo تسما السيد يطيبلك باطل هكا راك حاب تقول ؟؟ فهمني برك كيفاش تخمم ؟؟,Facebook,Dz Forest Restaurant,2025-10-13T23:15:03.000Z,0,,,,,,,True,1269.0,[],neutral
10401,926707,Hamid Le Grand وشمن ولاية وين تسكن,Facebook,Dz Forest Restaurant,2025-10-13T04:59:58.000Z,0,,,,,,,True,1269.0,[],neutral
10505,810053,Mohamed Solo ياك مقالكش أرواح تاكل عندي بالسيف. كهل تاع شكوبي,Facebook,Dz Forest Restaurant,2025-10-15T13:56:32.000Z,0,,,,,,,True,1269.0,[],neutral
10046,285559,Naili Fouad Abdelkrim سكالوب راهو يدير ب 30 دج الكبدة من 40دج اللحم والمرقاز ب 45دج . باين يكثر سكالوب راهي غالية روح اشري نص كيلو لحم تاع ابانيا ونص كيلو بقري اسباني . ودجاجة كبير ب 120 الف كل شي يجيك 280,Facebook,Dz Forest Restaurant,2025-10-13T08:17:08.000Z,0,,,,,Complaint,,False,1269.0,"[""price_complaint""]",negative
10569,273647,خليل رحماني معليش 20مرقاز 5الف للحبة تساوي 100الف و 50 بروشات يديروها 3الف تساوي 150الف جاج 100الف فريت 20الف كمونبير معليش نديروه هذاك تاع 10الف تبيعو 50الف الغازوز 20الف لحميس 20الف راه للحساب بزيادى طلع شحال 460الف بزيادى نتا مريض حاب درلنا العاب الخفة واقيل,Facebook,Dz Forest Restaurant,2025-10-13T09:27:59.000Z,0,,,,,Complaint,,False,1269.0,"[""price_complaint""]",negative
10482,656547,الحشوة راها مابين 70 أو 40 بروشات  [COMPLAINT],Facebook,Dz Forest Restaurant,2025-10-13T21:23:32.000Z,0,,,,,,,True,1269.0,[],neutral
10316,943560,Hamid Le Grand الله يلعنك يا خنزير ماتسواش غرام,Facebook,Dz Forest Restaurant,2025-10-13T02:34:03.000Z,0,,,,,,,True,1269.0,[],neutral
9964,942732,Omar Ichbilya لا يفوتو مثال 70 بروشات تفوت 3500 احسب فقط على 50 هو اكثر,Facebook,Dz Forest Restaurant,2025-10-12T22:55:34.000Z,1,,,,,Complaint,,False,1269.0,"[""price_complaint""]",negative
10507,807143,خليل رحماني غلط في حساب برك,Facebook,Dz Forest Restaurant,2025-10-13T06:01:14.000Z,0,,,,,complaint,,False,1269.0,"[""price_complaint""]",negative
9837,947178,كنت راح نقلك غالية بصح شفتك جبت قرعة ڨازوز بطلت صح باطل,Facebook,Dz Forest Restaurant,2025-10-12T22:12:11.000Z,7,,,,,Appreciation,,False,1269.0,"[""price_appreciation""]",positive
10780,549453,خليل رحماني راك. كبش رومانية حشوهالك هههه,Facebook,Dz Forest Restaurant,2025-10-15T22:27:50.000Z,0,,,,,,,True,1269.0,[],neutral
9848,412733,Sou Sau Hafi كاليتي وكونتيتي,Facebook,Dz Forest Restaurant,2025-10-13T16:19:41.000Z,0,appreciation,,,,,,False,1269.0,"[""food_appreciation""]",positive
10728,410435,500 الف في جيبي ثاني ما عدك ما تڨول فيها. !,Facebook,Dz Forest Restaurant,2025-10-14T18:36:47.000Z,0,,,,,Complaint,,False,1269.0,"[""price_complaint""]",negative
9977,413355,Yacine Bouakaz هادو يسرقو غير بالخرطي,Facebook,Dz Forest Restaurant,2025-10-13T18:44:34.000Z,1,,,,,,,True,1269.0,[],neutral
10073,408295,Mansøur Møu Řad حنا فالحراش مرقاز ب 80 الف ونوعية الزاوجة 70 الف,Facebook,Dz Forest Restaurant,2025-10-13T18:27:09.000Z,1,,,,,Complaint,,False,1269.0,"[""price_complaint""]",negative
10379,136701,5000ألف غير بالفم نقضيهم لدار ماشي ناكلهم في نهار ولينا سبوعة,Facebook,Dz Forest Restaurant,2025-10-15T13:08:38.000Z,0,,,,,complaint,,False,1269.0,"[""price_complaint""]",negative
8943,537927,هذا الكومنتار للجالية نتاعنا كل هذا ب €20,Facebook,Dz Forest Restaurant,2025-10-13T18:09:03.000Z,60,,,,,complaint,,False,1269.0,"[""price_complaint""]",negative
9864,157271,ڨالها و ما حشمش  كي قال كل اتنين پرومو انا قلت 200 الف,Facebook,Dz Forest Restaurant,2025-10-13T17:41:55.000Z,0,,,,,Complaint,,False,1269.0,"[""price_complaint""]",negative
10283,529711,هذا مطعم ماشي يمشي واش راك تخلط,Facebook,Dz Forest Restaurant,2025-10-13T21:49:44.000Z,0,,,,,,,True,1269.0,[],neutral
10769,409189,خمسميتلف. فيها. مصروف. من. الاتنين. الى. اتنين. التاني. تسبوع. كامل. غداء. وعشاء. ماشء. الله. هادا. ببليستي. تاع. زوفريا,Facebook,Dz Forest Restaurant,2025-10-13T20:52:16.000Z,0,,,,,Complaint,,False,1269.0,"[""price_complaint""]",negative
10145,161698,Hakima Constantine هذا الأكل كله أقل شيئ سومتو. تفوق 660. 000 يعني راه منقص أكثر من 150 ألف. . خاصة إذا كان المطعم chiiiik. يعني فخم أو شباب. وراح نوضحلك أكثر : المرڨاز ____ 7000 للمطرق اللحم ____ 7000 للمطرق الكبدة ____ 7000 للمطرق السكالوب ____ 4000 للمطرق الدجاج ____100. 000 للدجاجة الفريث ____ 20. 000 الحميص ____ 15. 000 الليمونادة ____ 15. 000 كمومبااار ____ 15. 000 للكعبة أو أكثر.,Facebook,Dz Forest Restaurant,2025-10-13T14:28:00.000Z,0,Complaint,,,,Complaint,,False,1269.0,"[""food_complaint"", ""price_complaint""]",negative
9872,655409,يوسف ابو معاذ هذي علا سوما خمس الاف,Facebook,Dz Forest Restaurant,2025-10-12T23:03:09.000Z,0,,,,,,,True,1269.0,[],neutral
8950,919723,سومة هاذيك هيا,Facebook,Dz Forest Restaurant,2025-10-17T21:33:41.000Z,4,,,,,Inquiry,,False,1269.0,"[""price_inquiry""]",neutral
10008,291190,الوقت جزء من العلاج اما جزار اخي، عندي شحال مالقيتش بوشي يبيع مرقاز تع زمان، كلهم يطبعو الديشي,Facebook,Dz Forest Restaurant,2025-10-13T17:37:50.000Z,0,,,,,,,True,1269.0,[],neutral
10179,147153,Hakima Constantine ماشي غالي هذي ماكلة تاع 4 من الناس ؟ اصلا دراهمنا مايقضوا والو,Facebook,Dz Forest Restaurant,2025-10-14T11:57:50.000Z,0,,,,,Complaint,,False,1269.0,"[""price_complaint""]",negative
9936,945214,Faiza Moussouni الفقير ما عندوش تلفون و كونكسيو,Facebook,Dz Forest Restaurant,2025-10-13T08:49:50.000Z,0,,,,,,,True,1269.0,[],neutral
9979,412515,Yacine Bouakaz فما يخص الكامنبار وحدة مقسومة الى اربعةر,Facebook,Dz Forest Restaurant,2025-10-14T13:37:10.000Z,0,,,,,,,True,1269.0,[],neutral
10568,677460,خليل رحماني حشاوهالك,Facebook,Dz Forest Restaurant,2025-10-13T08:53:55.000Z,0,,,,,,,True,1269.0,[],neutral
10052,421907,Naili Fouad Abdelkrim باين فيك مول لمحل و إلى انسيبو,Facebook,Dz Forest Restaurant,2025-10-13T12:07:04.000Z,0,,,,,,,True,1269.0,[],neutral
9885,162541,Hamidلعنة الله عليك إلى يوم الدين,Facebook,Dz Forest Restaurant,2025-10-13T08:26:28.000Z,1,,,,,,,True,1269.0,[],neutral
10002,802341,Mansøur Møu Řad فالبراكه راهو 90الف,Facebook,Dz Forest Restaurant,2025-10-13T17:01:22.000Z,0,,,,,Complaint,,False,1269.0,"[""price_complaint""]",negative
10312,667758,Hamid Le Grand الشرطة الجزائر و ما أدراك مالجزائر,Facebook,Dz Forest Restaurant,2025-10-13T01:56:25.000Z,0,,,,,,,True,1269.0,[],neutral
9925,792089,Sebai Mostafa بارك الله فيك باين رويجل ورا تيليفون تسبلي فالوالدة حسبي الله ونعم الوكيل,Facebook,Dz Forest Restaurant,2025-10-13T01:35:48.000Z,0,,,,,,,True,1269.0,[],neutral
10716,158904,خليل رحماني هاذي مكانش منها جاجة 120 وروز ولفريت 60وقازوز15مستحيل تفوت 200,Facebook,Dz Forest Restaurant,2025-10-14T10:37:46.000Z,0,,,,,Complaint,,False,1269.0,"[""price_complaint""]",negative
9209,800105,Jojo Abdo Bouz بغابة بن مراد برج الكيفان وهذا هو الموقع https://maps. app. goo. gl/TJSKoH1ae6Mn7c9f9? g_st=ac,Facebook,Dz Forest Restaurant,2025-10-16T17:57:47.000Z,0,,,,,,,True,1269.0,[],neutral
9940,267850,Faiza Moussouni علاه قال لكم مطعم الزوالي هو راه يخدم فتح المحل للصدقة,Facebook,Dz Forest Restaurant,2025-10-13T20:11:57.000Z,1,,,,,,,True,1269.0,[],neutral
10409,799957,Mansøur Møu Řad سيد عندو حق حنا مزال 800الف,Facebook,Dz Forest Restaurant,2025-10-14T15:50:15.000Z,1,,,,,complaint,,False,1269.0,"[""price_complaint""]",negative
10573,793933,خليل رحماني وين هاذي في مالطا ولا يونان بركا متتمنيك بينا,Facebook,Dz Forest Restaurant,2025-10-13T10:58:21.000Z,0,,,inquiry,,,,False,1269.0,"[""place_inquiry""]",neutral
10258,800314,روح ربي ساهل عليك روح,Facebook,Dz Forest Restaurant,2025-10-29T22:23:42.000Z,0,,,,,,,True,1269.0,[],neutral
10309,280914,جاجا. 800+برجإت. 800+كمبال. 100. غريت. +حميس. +قرعة. قازوز. 300=310,Facebook,Dz Forest Restaurant,2025-10-13T16:53:34.000Z,0,,,,,,,True,1269.0,[],neutral
10572,543680,خليل رحماني دجاجة مصوانيا ب 130 يا الاخ ما نغطوش الشمس بالغربال,Facebook,Dz Forest Restaurant,2025-10-13T10:27:52.000Z,0,,,,,Complaint,,False,1269.0,"[""price_complaint""]",negative
9627,153181,ههههه كل إثنين تقول راك تصدق ب 500 آلف ياو 500 آلف نشري بيهم كيلو لحم 240 آلف كيلو مرgاز 800 آلف كيلو كبدة جاج 100 آلف جاجة 50آلف يومين والعايلة تاكل فطور او عشا,Facebook,Dz Forest Restaurant,2025-10-12T23:44:38.000Z,951,,,,,Complaint,,False,1269.0,"[""price_complaint""]",negative
10773,806532,السرقة دايرة رجليها,Facebook,Dz Forest Restaurant,2025-10-13T22:04:05.000Z,0,,,,,,,True,1269.0,[],neutral
10452,406850,خليل رحماني مشكل الخلعه اتنحي الفايده انتاع الدجاج,Facebook,Dz Forest Restaurant,2025-10-13T05:58:11.000Z,0,,,,,,,True,1269.0,[],neutral
10596,283343,خليل رحماني وين كليتها في الشيراطون. !,Facebook,Dz Forest Restaurant,2025-10-13T12:01:44.000Z,0,,,Inquiry,,,,False,1269.0,"[""place_inquiry""]",neutral
9988,394152,Hmidat Aissni روح لواد اوشايع 70 بروشات ب 150 الف,Facebook,Dz Forest Restaurant,2025-10-14T17:58:14.000Z,0,,,,,,,True,1269.0,[],neutral
10582,284931,وين راكم رانى ميتة بلجوع,Facebook,Dz Forest Restaurant,2025-11-02T15:23:07.000Z,0,,,Inquiry,,,,False,1269.0,"[""place_inquiry""]",neutral
9358,133425,مشاءالله ربي يبارك,Facebook,Dz Forest Restaurant,2025-10-24T01:49:25.000Z,1,,,,,,,True,1269.0,[],neutral
10153,414384,Mohamed Solo زيد معاها 10 كيلو بطاطا 50 ألف 4 إيام وانت تضرب في ليفريث,Facebook,Dz Forest Restaurant,2025-10-13T20:03:48.000Z,0,,,,,Complaint,,False,1269.0,"[""price_complaint""]",negative
10067,161696,Abdesselem Abdessemad أنت باين عمرك ولا اخرجت من دواركم لا نورمالمو مئة ألف وكتكمل يعطيك حاجة تديها معاك الله يهديك,Facebook,Dz Forest Restaurant,2025-10-13T10:16:33.000Z,1,,,,,,,True,1269.0,[],neutral
9873,808103,Hmidat Aissni والله كلينا كيما هكا زيادة عليها وحد كيلو لي كوتلات خلصنا 15000 دج يعني هذي يتعشاو بيها 4 بالشبعة 5000 دج مليحة برومو صح,Facebook,Dz Forest Restaurant,2025-10-12T23:48:59.000Z,1,,,,,Appreciation,,False,1269.0,"[""price_appreciation""]",positive
9066,135736,Pas Comme Les Autres مرحبا بكم نحن دائما في استقبالكم,Facebook,Dz Forest Restaurant,2025-10-26T17:33:28.000Z,0,,,,,,,True,1269.0,[],neutral
9677,137281,Hakim Bourekoua من نيتك غالية,Facebook,Dz Forest Restaurant,2025-11-08T23:47:00.000Z,0,,,,,Complaint,,False,1269.0,"[""price_complaint""]",negative
9748,158504,Khadir Aitidir 70 بروشات جملة، في الحالة العادية ب 2100 دج زيدلها الباقي,Facebook,Dz Forest Restaurant,2025-10-13T03:18:57.000Z,0,,,,,,,True,1269.0,[],neutral
9974,553140,Tïtøù Aidoudi احسب شحال تستقاملك كيما تاكل كل حاجة وحدها و شوف,Facebook,Dz Forest Restaurant,2025-10-14T06:24:13.000Z,0,,,,,inquiry,,False,1269.0,"[""price_inquiry""]",neutral
10109,813586,Naili Fouad Abdelkrim وانت علاه غاضك الحال كل واحد حر في التعليق تاعو,Facebook,Dz Forest Restaurant,2025-10-13T13:20:59.000Z,0,,,,,,,True,1269.0,[],neutral
9743,159910,Hakima Constantine جياحة والله العضيم 5000دينار. نختن بها وليدي. الحباب كامل ياكلو,Facebook,Dz Forest Restaurant,2025-10-13T00:14:34.000Z,2,,,,,Complaint,,False,1269.0,"[""price_complaint""]",negative
10175,936475,Zaki Zaki Zaki واش قصدك مافهمتش,Facebook,Dz Forest Restaurant,2025-10-13T05:55:26.000Z,0,,,,,,,True,1269.0,[],neutral
10441,137192,Mansøur Møu Řad عندنا راه من 800 حتى 120 الف,Facebook,Dz Forest Restaurant,2025-10-14T20:26:18.000Z,0,,,,,Complaint,,False,1269.0,"[""price_complaint""]",negative
10717,414779,خليل رحماني لقاوك نية. دجاجة 100 فريت اوملات و روز ب 50 و حميص من عندو. كلشي150الف,Facebook,Dz Forest Restaurant,2025-10-14T13:06:42.000Z,0,,,,,Complaint,,False,1269.0,"[""price_complaint""]",negative
9844,284142,Mòĥmèd Beśśàd يا خويا انا راجلي بوشي ديجا الجاج راهم يخرجوه من الباطوار ب 40 الف للكيلو والغنمي راهو 360 هذا اذا لقيتو راني على البلاد مشي المصدي الجيفة تع سبانيا والكبدة تع الجاج صح رخيسة عدنا ب50 الف للكيلو و المرڨاز ب 120 والسبيسيال 170,Facebook,Dz Forest Restaurant,2025-10-13T16:12:57.000Z,0,,,,,Complaint,,False,1269.0,"[""price_complaint""]",negative
9091,790835,أين المحل,Facebook,Dz Forest Restaurant,2025-10-20T15:12:27.000Z,1,,,Inquiry,,,,False,1269.0,"[""place_inquiry""]",neutral
9833,924758,علاه 500الف قليل واقيلات الله يهديك يا بولحية,Facebook,Dz Forest Restaurant,2025-10-12T20:03:29.000Z,11,,,,,Complaint,,False,1269.0,"[""price_complaint""]",negative
9305,551841,Za Ra Mi فور وين هذا,Facebook,Dz Forest Restaurant,2025-10-13T20:02:05.000Z,0,,,Inquiry,,,,False,1269.0,"[""place_inquiry""]",neutral
10624,400451,نهار الإثنين 5000دج و نهار الثلاثاء 10. 000,Facebook,Dz Forest Restaurant,2025-10-13T20:23:07.000Z,0,,,,,complaint,,False,1269.0,"[""price_complaint""]",negative
9900,946254,Yacine Bouakaz انا دخت فيك كيفاش حسبت لبروشات ههههه,Facebook,Dz Forest Restaurant,2025-10-13T18:34:03.000Z,0,,,,,,,True,1269.0,[],neutral
9072,404022,السنة أولى إبتدائي و2و3و4و5 شكرا اخي طبعا مرحبا بكم,Facebook,Dz Forest Restaurant,2025-10-16T17:37:57.000Z,0,,,,,,,True,1269.0,[],neutral
10599,529528,خليل رحماني هذه ماتفوتش130الف خويا,Facebook,Dz Forest Restaurant,2025-10-13T13:33:08.000Z,0,,,,,Complaint,,False,1269.0,"[""price_complaint""]",negative
9670,396108,Siham Siham قصابة الرحمة فلابروفال 900دج المرڨاز روعة ولحم غنمي اسبانيا 2050 دج للكيلو وجاجة 900 دج كومونبار 250دج قرعة زوج ايترات 130 دج 100 دج زوج كيلو بطاطا تبقالك 900 دج اشري يها زيت والفحم ومطاق تاع شواء وعرض العايلة,Facebook,Dz Forest Restaurant,2025-10-13T09:14:33.000Z,4,,,,,,,True,1269.0,[],neutral
10483,928980,خويا اقسم بالله غير لقيا حكمني على خاطر تفكرت نهار لي جزت عندكم كارثة بأتم معنى الكلة نقا زيرو,Facebook,Dz Forest Restaurant,2025-10-14T07:36:16.000Z,0,complaint,,complaint,,,,False,1269.0,"[""food_complaint"", ""place_complaint""]",negative
10775,543417,خليل رحماني خلعك تسمى غالي ؟,Facebook,Dz Forest Restaurant,2025-10-14T17:58:33.000Z,0,,,,,Complaint,,False,1269.0,"[""price_complaint""]",negative
9876,527587,Hãythãm Mêkchîchê لالا خويا مفهمتنيش برك يعني 5000 سعر معقول ل4 من الناس انا ناكل كران و ناكل واش كتب ربي,Facebook,Dz Forest Restaurant,2025-10-13T00:12:50.000Z,0,,,,,Complaint,,False,1269.0,"[""price_complaint""]",negative
10286,661292,Mohamed Solo وش راك تخلط و تهدرو غير باه تعكسو,Facebook,Dz Forest Restaurant,2025-10-13T22:30:41.000Z,0,,,,,,,True,1269.0,[],neutral
9621,161666,هادي مليحة مين يكونو جماعه ويكوتيزو,Facebook,Dz Forest Restaurant,2025-10-13T17:28:42.000Z,2,,,,,,,True,1269.0,[],neutral
10025,935330,Hamid Le Grand زعمة تحوس تشوه القبايل بصح نتا باين ولد طحبة مجهول النسب تفووو ولاد الزواف,Facebook,Dz Forest Restaurant,2025-10-13T11:40:46.000Z,0,,,,,,,True,1269.0,[],neutral
10765,661673,ههههه زعما من غير الاثنين شعال يدير تمنيكو بينا,Facebook,Dz Forest Restaurant,2025-10-13T08:32:43.000Z,0,,,,,,,True,1269.0,[],neutral
10686,157815,باينة الدجاجة كانت تبيض الذهب,Facebook,Dz Forest Restaurant,2025-10-13T16:36:52.000Z,0,,,,,,,True,1269.0,[],neutral
9211,938997,SaLÿ Rose لدينا فرعين الفرع الأول: بغابة بن مراد برج الكيفان وهذا هو الموقع https://maps. app. goo. gl/TJSKoH1ae6Mn7c9f9? g_st=ac الفرع الثاني: منتزه لينا الثنية بومرداس وهذا هو الموقع https://maps. app. goo. gl/gNxtYeK57gzvYjhN7? g_st=ac,Facebook,Dz Forest Restaurant,2025-10-16T17:43:28.000Z,0,,,,,,,True,1269.0,[],neutral
10202,673074,يجو ليك غير لي مكسرين من يديهم,Facebook,Dz Forest Restaurant,2025-10-14T21:44:06.000Z,0,,,complaint,,,,False,1269.0,"[""place_complaint""]",negative
9511,804148,وين جيا هاذا,Facebook,Dz Forest Restaurant,2025-10-13T17:55:03.000Z,1,,,Inquiry,,,,False,1269.0,"[""place_inquiry""]",neutral
10256,424888,صحاب الشعر الخدمة لي يخدموها تغلى سومتها وجوه الشر حاشى لي مربيها على يقين,Facebook,Dz Forest Restaurant,2025-10-14T00:08:36.000Z,0,,,,,Complaint,,False,1269.0,"[""price_complaint""]",negative
8952,531617,ربي يعينكم نشالله خطرة في الزمان ماشي خصارة,Facebook,Dz Forest Restaurant,2025-10-13T19:05:06.000Z,4,,,appreciation,,,,False,1269.0,"[""place_appreciation""]",positive
9742,137436,Hakima Constantine هذا راه مريض زعما راه مساعد الناس ربي يهديه,Facebook,Dz Forest Restaurant,2025-10-12T22:11:51.000Z,1,,,,,,,True,1269.0,[],neutral
9987,792910,Hmidat Aissni بروشات 300 الف و دجاجة 70 ألف وقرعة ڨازوز 10 ألاف وحميص 10 لاف وربعة كومبار من ذوك صغار تاع خمسلاف للحبة يعني 20 الف . كلش 410 برك.,Facebook,Dz Forest Restaurant,2025-10-13T14:09:11.000Z,0,,,,,Complaint,,False,1269.0,"[""price_complaint""]",negative
10174,813562,Sami Saidi تعلم تفوو كي ميعجبكش,Facebook,Dz Forest Restaurant,2025-10-13T00:06:35.000Z,0,,,,,,,True,1269.0,[],neutral
9355,407224,العنوان من فضلكم,Facebook,Dz Forest Restaurant,2025-10-17T08:38:17.000Z,0,,,Inquiry,,,,False,1269.0,"[""place_inquiry""]",neutral
9735,267353,Bouzid Boulahouat 4 كوممبار ب 20 الف؟ انا ف 2017 كنت نشري وحدة طاسيلي ب 25 الف هههه,Facebook,Dz Forest Restaurant,2025-10-13T17:22:09.000Z,1,,,,,Complaint,,False,1269.0,"[""price_complaint""]",negative
10753,808992,Oum Roêya خلي طهاري يشوف الفيديو ونحكيلك,Facebook,Dz Forest Restaurant,2025-10-13T13:26:35.000Z,0,,,,,,,True,1269.0,[],neutral
10583,151293,شحال مساعدة,Facebook,Dz Forest Restaurant,2025-10-12T20:28:38.000Z,1,,,,,inquiry,,False,1269.0,"[""price_inquiry""]",neutral
10651,800319,خليل رحماني والله غير 500 ألف نشري جاجة و50الف مرڨاز و50 سكالوب و زوج قرع ڨازوز وحميس ب10 آلاف و نزيد نشري ديسير ثلاث أنواع و زوج كيلو بطاطا و يفضلي عرام صرف و نزيدلك الماكلة تاع ريسطو النقى اجيب ربي و خلي الزيت يقلو بها 10 مرات,Facebook,Dz Forest Restaurant,2025-10-13T15:48:51.000Z,0,,,,,Complaint,,False,1269.0,"[""price_complaint""]",negative
10372,931618,أخي وين بلاصة,Facebook,Dz Forest Restaurant,2025-10-13T14:53:15.000Z,0,,,Inquiry,,,,False,1269.0,"[""place_inquiry""]",neutral
10781,272951,خليل رحماني العقل خلق للتحليل والحلول,Facebook,Dz Forest Restaurant,2025-10-17T13:12:14.000Z,0,,,,,,,True,1269.0,[],neutral
10193,425003,الناس في التعليقات ربي يهديكم تحسبو في رزقو,Facebook,Dz Forest Restaurant,2025-10-13T20:16:37.000Z,0,,,,,,,True,1269.0,[],neutral
10048,679426,Naili Fouad Abdelkrim سكالوب 3000 والدجاجة 8000 ما تزيدش عليها الي بغا يربح العام طويل رانا في الميدان وربي يعاون كل مومن,Facebook,Dz Forest Restaurant,2025-10-13T10:31:40.000Z,0,,,,,complaint,,False,1269.0,"[""price_complaint""]",negative
10649,265055,خليل رحماني 275الف ندير فطور و عشاء ماماي في الدار,Facebook,Dz Forest Restaurant,2025-10-13T15:22:42.000Z,0,,,,,,,True,1269.0,[],neutral
9769,407963,Yacine Bouakaz بديت نعود فالفديو حتا بديت نحسب,Facebook,Dz Forest Restaurant,2025-10-13T00:47:01.000Z,0,,,,,,,True,1269.0,[],neutral
10154,422565,Mohamed Solo يا 500الف ولحم تاع ليسبان,Facebook,Dz Forest Restaurant,2025-10-13T20:18:19.000Z,0,,,,,Complaint,,False,1269.0,"[""price_complaint""]",negative
10314,419156,Hamid Le Grand وليد قحححححبة زايد ملور,Facebook,Dz Forest Restaurant,2025-10-13T02:01:59.000Z,0,,,,,,,True,1269.0,[],neutral
10152,798410,Mansøur Møu Řad كاين في حسين داي عند قصابة شيخي,Facebook,Dz Forest Restaurant,2025-10-13T19:49:52.000Z,0,,,,,,,True,1269.0,[],neutral
10251,411940,لي خصوا كلمات شهية كما هاد الطبق يدخل عندي,Facebook,Dz Forest Restaurant,2025-10-13T12:00:18.000Z,0,,,,,,,True,1269.0,[],neutral
10486,790386,كل إثنين 500 ألف! باقي لأيام شحال زعما ؟؟,Facebook,Dz Forest Restaurant,2025-10-13T04:19:50.000Z,2,,,,,Complaint,,False,1269.0,"[""price_complaint""]",negative
9676,156892,Hakim Bourekoua وين جاي هاد المطعم من فضلك,Facebook,Dz Forest Restaurant,2025-11-01T14:17:22.000Z,0,,,Inquiry,,,,False,1269.0,"[""place_inquiry""]",neutral
10714,788997,خليل رحماني الله يهديك انت تهظر بجيبك و ما تحسش بالناس هل تصدقت بعد ما كليت و لا نو هههه,Facebook,Dz Forest Restaurant,2025-10-14T05:55:46.000Z,0,,,,,,,True,1269.0,[],neutral
10010,539158,Mohamed Solo كي شغل 500الف ولات جورني نتاع مونيفري هههه,Facebook,Dz Forest Restaurant,2025-10-13T17:42:24.000Z,0,,,,,Complaint,,False,1269.0,"[""price_complaint""]",negative
8949,655831,وين المقر,Facebook,Dz Forest Restaurant,2025-10-13T17:59:57.000Z,3,,,Inquiry,Inquiry,,,False,1269.0,"[""place_inquiry"", ""delivery_inquiry""]",neutral
10282,134843,روح تخرا الكلاب جاعو,Facebook,Dz Forest Restaurant,2025-10-13T21:24:10.000Z,0,,,,,,,True,1269.0,[],neutral
10622,933923,راك حسب 5000 نورمال كاين الي يعيش بها اسبوع,Facebook,Dz Forest Restaurant,2025-10-13T13:12:03.000Z,0,,,,,complaint,,False,1269.0,"[""price_complaint""]",negative
10333,411510,Mansøur Møu Řad عين ولمان ولاية سطيف راه 90الف ياخو,Facebook,Dz Forest Restaurant,2025-10-14T01:49:29.000Z,0,,,,,,,True,1269.0,[],neutral
9986,150768,Hmidat Aissni كوول واش تحب ما تستسغرش بنعمة ربي برك,Facebook,Dz Forest Restaurant,2025-10-13T12:27:27.000Z,0,,,,,,,True,1269.0,[],neutral
9739,542761,Lynda Chen خليهم يهدرو خليهم عنبالهم راهم في وقت بوتفليقة,Facebook,Dz Forest Restaurant,2025-10-13T22:02:13.000Z,0,,,,,,,True,1269.0,[],neutral
9622,806454,ياك قلت 3000 و الا زدت,Facebook,Dz Forest Restaurant,2025-10-13T17:28:31.000Z,2,,,,,complaint,,False,1269.0,"[""price_complaint""]",negative
10029,675852,Hamid Le Grand حيوان اسأل الله العلي القدير ان ينتقم منك بمرض السرطان ينخر عظامك نخر وتتمنى الموت ومتصيبوش,Facebook,Dz Forest Restaurant,2025-10-13T12:33:16.000Z,0,,,,,,,True,1269.0,[],neutral
9263,817396,مليحة كي تكون مع عائلة,Facebook,Dz Forest Restaurant,2025-10-25T16:03:33.000Z,1,,,,,,,True,1269.0,[],neutral
9734,918765,Bouzid Boulahouat الجاجة راهي ب 120 الف والبروشات ماهيش ب 5 الاف,Facebook,Dz Forest Restaurant,2025-10-13T16:56:58.000Z,3,,,,,Complaint,,False,1269.0,"[""price_complaint""]",negative
10625,658448,ولمعندوش يقدر اجي بالجمعة,Facebook,Dz Forest Restaurant,2025-10-13T12:30:42.000Z,0,,,Inquiry,,,,False,1269.0,"[""place_inquiry""]",neutral
10151,134278,بصراحه سعر في المتنااول علما بلا بيض راه 60,Facebook,Dz Forest Restaurant,2025-10-13T19:48:57.000Z,0,,,,,Complaint,,False,1269.0,"[""price_complaint""]",negative
9901,534501,Yacine Bouakaz كفاه حسبت البروشات ههه,Facebook,Dz Forest Restaurant,2025-10-13T18:40:56.000Z,0,,,,,inquiry,,False,1269.0,"[""price_inquiry""]",neutral
10559,811079,Mohamed Solo فاين يجي هذا المحل هل هو في جيجل,Facebook,Dz Forest Restaurant,2025-10-19T23:18:54.000Z,0,,,Inquiry,,,,False,1269.0,"[""place_inquiry""]",neutral
9832,796569,السعر غالي يا اخي مايقدرش الزوالي,Facebook,Dz Forest Restaurant,2025-10-12T17:44:12.000Z,10,,,,,Complaint,,False,1269.0,"[""price_complaint""]",negative
9746,277421,70 برشات 350الف جاجة 100الف فريت 20الف حميس 20الف قرعة قزوز 15الف كومنبير نديرو رخيسة 20الف يعني 4ب 80الف السعر الحقيقي لهذه الماكولات يساوي 585الف,Facebook,Dz Forest Restaurant,2025-10-13T00:29:41.000Z,2,,,,,Complaint,,False,1269.0,"[""price_complaint""]",negative
9122,393701,Yassine Tamoussit احنا باش تشري جاحة محمرة تخدم نهار كامل، انت شحال من ساعة تخدمي باش تخلصي عشرة ارورو ساعة مثلا؟! هكدا نحسبو يا لالة ماشي نصرفو الاورو للدينار,Facebook,Dz Forest Restaurant,2025-10-29T11:58:55.000Z,0,,,,,Complaint,,False,1269.0,"[""price_complaint""]",negative
9783,797495,خليل رحماني انت الله يهديك، ياو الناس تحسبهوم كامل كيما انت عندهم الدراهم، الزوالي راه عاني إلا ما اعلبلكش بالك انت مرافه ما تحسلهش,Facebook,Dz Forest Restaurant,2025-10-12T23:44:57.000Z,0,,,,,complaint,,False,1269.0,"[""price_complaint""]",negative
