source_name,nb of posts fb,nb comments fb,nb posts insta,nb comments insta,nb posts tik,nb comm tik,nb of posts maps,nb comments maps,total posts,total comments
American Burger,0,0,1,61,1,147,4,1356,6,1564
San Benito,5,1516,0,0,0,0,0,0,5,1516
Hicham Cook,0,0,1,85,0,0,4,1354,5,1439
Casbah Istanbul,0,0,0,0,0,0,4,1177,4,1177
Dzforestrestaurants,2,541,0,0,1,345,0,0,3,886
Casa Bella - Draria,2,638,0,0,1,103,0,0,3,741
À Petit Feu,0,0,1,11,0,0,2,533,3,544
Street2261,0,0,0,0,2,534,0,0,2,534
Pont Hydra,0,0,0,0,2,531,0,0,2,531
Sinai,0,0,1,23,2,501,0,0,3,524
Kfc,0,0,0,0,2,447,0,0,2,447
Lemanrais,1,272,1,3,1,100,0,0,3,375
Maestro,0,0,0,0,1,338,0,0,1,338
Autros,1,36,1,8,1,156,1,135,4,335
Helena,0,0,0,0,1,323,0,0,1,323
Cote Oran,0,0,0,0,1,319,0,0,1,319
تاج محل بن عكنون,0,0,0,0,0,0,1,315,1,315
Seven Times La Villa,0,0,1,20,1,260,0,0,2,280
Le216,0,0,0,0,1,253,0,0,1,253
Lagegarestaurant,1,101,1,6,1,134,0,0,3,241
Mardoum,0,0,0,0,1,232,0,0,1,232
Budz,0,0,1,26,1,202,0,0,2,228
Unknown,1,222,0,0,0,0,0,0,1,222
Bladi Oran,0,0,0,0,1,219,0,0,1,219
Labelladalger16,0,0,0,0,1,211,0,0,1,211
Laurel,0,0,0,0,0,0,1,209,1,209
Tassili,1,204,0,0,1,2,0,0,2,206
Maison Sardoudi,0,0,0,0,1,206,0,0,1,206
Madala,0,0,0,0,1,204,0,0,1,204
Thala,0,0,0,0,1,177,0,0,1,177
Amine La Cantine,0,0,1,85,1,89,0,0,2,174
Roosterking,0,0,0,0,1,174,0,0,1,174
Brother Tselbiar,0,0,1,156,1,15,0,0,2,171
Jumelles,0,0,0,0,1,166,0,0,1,166
Restaurantabarkannaba,1,148,0,0,1,15,0,0,2,163
Mfood Plus,0,0,0,0,1,161,0,0,1,161
Lovers Grill,0,0,0,0,1,152,0,0,1,152
User5834669559361,0,0,0,0,1,152,0,0,1,152
Petit Chalet,0,0,1,7,1,139,0,0,2,146
Guellil Tasnim,0,0,0,0,1,146,0,0,1,146
King Food23,0,0,0,0,1,146,0,0,1,146
L’Alchimiste Pâtisserie,0,0,0,0,0,0,1,142,1,142
Allechante,0,0,0,0,1,140,0,0,1,140
Triple R,0,0,1,27,1,112,0,0,2,139
Racyms,0,0,0,0,1,135,0,0,1,135
Seraidi Live Z,0,0,0,0,1,135,0,0,1,135
Uncles Burger,0,0,0,0,1,135,0,0,1,135
Perchoir,0,0,0,0,1,134,0,0,1,134
Gizay,0,0,0,0,1,133,0,0,1,133
Streetburger02,0,0,0,0,1,131,0,0,1,131
L’Entracte,0,0,1,19,1,107,0,0,2,126
Snacky Time,0,0,1,29,1,94,0,0,2,123
Taylor,0,0,0,0,1,123,0,0,1,123
Ofennec Officiel,0,0,0,0,1,117,0,0,1,117
Woodgrill,0,0,0,0,1,106,0,0,1,106
Ambiance Telemcen,0,0,0,0,1,105,0,0,1,105
Vilageneige Annaba,0,0,0,0,1,100,0,0,1,100
Pizzeria Garden,0,0,0,0,1,99,0,0,1,99
Silyon69,0,0,0,0,1,97,0,0,1,97
Chicks Nook,0,0,0,0,1,94,0,0,1,94
Elcuatro Burgers,0,0,0,0,1,93,0,0,1,93
Paradou,0,0,0,0,1,91,0,0,1,91
Cintra,0,0,0,0,1,90,0,0,1,90
Fouka Marine,0,0,0,0,1,90,0,0,1,90
La Nouvelle Etoile0,0,0,0,0,1,86,0,0,1,86
Rahmani Food,0,0,0,0,1,86,0,0,1,86
Itchy Food,0,0,0,0,1,84,0,0,1,84
The Chef House,0,0,0,0,1,84,0,0,1,84
Seven Burgers,0,0,0,0,1,81,0,0,1,81
Oumanger Oran,0,0,0,0,1,80,0,0,1,80
Woodchickendz,0,0,0,0,1,80,0,0,1,80
Lassiette Algeroise,0,0,0,0,1,79,0,0,1,79
Patisserie Annaba,0,0,0,0,1,79,0,0,1,79
Dauphin,0,0,0,0,1,74,0,0,1,74
Chtibo Oran,0,0,0,0,1,73,0,0,1,73
Quick Bite,0,0,0,0,1,66,0,0,1,66
Bazookadz,0,0,0,0,1,62,0,0,1,62
Roi Du Fajitas,0,0,0,0,1,60,0,0,1,60
Serir Alger,0,0,0,0,1,60,0,0,1,60
Spotter,0,0,0,0,1,60,0,0,1,60
Damisoran31,0,0,0,0,1,59,0,0,1,59
Le,0,0,0,0,1,59,0,0,1,59
Hamidhamid806,0,0,0,0,1,58,0,0,1,58
Kartaj,0,0,0,0,1,56,0,0,1,56
Cassecroute,0,0,0,0,1,54,0,0,1,54
Santorino,0,0,0,0,1,54,0,0,1,54
Seasons Rooftop,0,0,0,0,1,53,0,0,1,53
El Marssem,0,0,1,28,1,24,0,0,2,52
Restauranttrattoriaoran,0,0,0,0,1,52,0,0,1,52
La Criee,0,0,0,0,1,51,0,0,1,51
Papillons827,0,0,0,0,1,51,0,0,1,51
Chill Food,0,0,0,0,1,50,0,0,1,50
Primo,0,0,0,0,1,50,0,0,1,50
Le77Tizi,0,0,0,0,1,49,0,0,1,49
Restaurantmonegasque,0,0,0,0,1,49,0,0,1,49
Laturquoisehotel,0,0,0,0,1,47,0,0,1,47
Patus Oran,0,0,1,8,1,36,0,0,2,44
Opium,0,0,0,0,1,43,0,0,1,43
Piadzo Food23,0,0,0,0,1,43,0,0,1,43
M7Ajeb,0,0,0,0,1,42,0,0,1,42
Krunchy Annaba,0,0,0,0,1,41,0,0,1,41
Villa Frere,0,0,0,0,1,41,0,0,1,41
The Throne Annaba,0,0,0,0,1,40,0,0,1,40
Dwiretelazz,0,0,0,0,1,39,0,0,1,39
Moodz Oran,0,0,0,0,1,39,0,0,1,39
Mimas Donuts,0,0,1,38,0,0,0,0,1,38
Msiiirdaa13,0,0,0,0,1,38,0,0,1,38
Californiacafedz,0,0,1,22,1,15,0,0,2,37
Luestro Annaba,0,0,0,0,1,36,0,0,1,36
Moonzrestaurant,0,0,0,0,1,36,0,0,1,36
Mr Brik,0,0,0,0,1,36,0,0,1,36
The Bakery,0,0,1,36,0,0,0,0,1,36
Cezam,0,0,1,22,1,13,0,0,2,35
Iceberg,0,0,0,0,1,35,0,0,1,35
Barbes Food,0,0,0,0,1,34,0,0,1,34
Don Sido,0,0,0,0,1,34,0,0,1,34
Mahroussaglace,0,0,1,34,0,0,0,0,1,34
Jardina Coffee,0,0,1,24,1,9,0,0,2,33
Derby Food,0,0,0,0,1,33,0,0,1,33
Terre Et Mer Annaba,0,0,0,0,1,33,0,0,1,33
Gosto Fast Food,0,0,0,0,1,32,0,0,1,32
Imstarvingfood,0,0,1,32,0,0,0,0,1,32
Jomane,0,0,0,0,1,32,0,0,1,32
Meryam Officiel,0,0,0,0,1,32,0,0,1,32
Teyr Ellil,0,0,1,32,0,0,0,0,1,32
Fontaine Dor,0,0,1,31,0,0,0,0,1,31
Panera,0,0,0,0,1,31,0,0,1,31
Denatelo Annaba,0,0,0,0,1,29,0,0,1,29
Italianefood31,0,0,0,0,1,29,0,0,1,29
Lasombra,0,0,0,0,1,29,0,0,1,29
Soltane El Kababe,0,0,0,0,1,29,0,0,1,29
Hafakafood,0,0,0,0,1,28,0,0,1,28
Nordik,0,0,0,0,1,28,0,0,1,28
Vibe Bistrot,0,0,0,0,1,28,0,0,1,28
Bakhcis Oran,0,0,0,0,1,27,0,0,1,27
Restaurantcarthage,0,0,0,0,1,27,0,0,1,27
Sebs Garden,0,0,0,0,1,27,0,0,1,27
Spartacos2019/,0,0,1,27,0,0,0,0,1,27
Lamignonne06Bejaia,0,0,0,0,1,26,0,0,1,26
Carre Restaurantalg,0,0,1,25,0,0,0,0,1,25
Megapizza Boussouf,0,0,1,25,0,0,0,0,1,25
Pizza Carie Touati,0,0,0,0,1,25,0,0,1,25
Thaisty,0,0,0,0,1,25,0,0,1,25
Darlmima,0,0,0,0,1,24,0,0,1,24
Gazouzafood2019,0,0,0,0,1,23,0,0,1,23
Memelkateelkabda,0,0,0,0,1,23,0,0,1,23
New Yorkais,0,0,0,0,1,22,0,0,1,22
Sushigardendz,0,0,1,22,0,0,0,0,1,22
Wonder Food S,0,0,1,22,0,0,0,0,1,22
Hocine Chapati,0,0,0,0,1,21,0,0,1,21
Farouk Tacos,0,0,0,0,1,20,0,0,1,20
Hotspot,0,0,1,20,0,0,0,0,1,20
Signature,0,0,0,0,1,20,0,0,1,20
Balcon1,0,0,0,0,1,18,0,0,1,18
Chapati Team,0,0,0,0,1,18,0,0,1,18
Lestwins,0,0,1,18,0,0,0,0,1,18
Lucia Annaba,0,0,0,0,1,18,0,0,1,18
Meat N Chill,0,0,1,6,1,11,0,0,2,17
Baddi Pizza,0,0,0,0,1,17,0,0,1,17
Benko Games,0,0,0,0,1,17,0,0,1,17
Elbey Oran,0,0,0,0,1,17,0,0,1,17
Fidelia,0,0,0,0,1,17,0,0,1,17
Restaurantvillariviera,0,0,0,0,1,17,0,0,1,17
6Sens Pastry,0,0,1,16,0,0,0,0,1,16
Chiken Street Bbz,0,0,0,0,1,16,0,0,1,16
Easy Cheesy,0,0,0,0,1,16,0,0,1,16
Rombalfood,0,0,0,0,1,16,0,0,1,16
Anas Food,0,0,0,0,1,15,0,0,1,15
Benete Wahran,0,0,0,0,1,15,0,0,1,15
Ambassadeurs,0,0,0,0,1,14,0,0,1,14
Youzifood,0,0,0,0,1,14,0,0,1,14
Diyarbakir,0,0,1,10,1,3,0,0,2,13
Arabesque,0,0,1,13,0,0,0,0,1,13
Niwafood,0,0,1,13,0,0,0,0,1,13
Otsy Burger,0,0,0,0,1,13,0,0,1,13
Pizzapocket,0,0,1,13,0,0,0,0,1,13
Scenario,0,0,0,0,1,13,0,0,1,13
Torero Alger,0,0,0,0,1,13,0,0,1,13
Check In,0,0,0,0,1,12,0,0,1,12
Cottoncandyblanc,0,0,1,12,0,0,0,0,1,12
Iso Food,0,0,0,0,1,12,0,0,1,12
Ledouzebeo,0,0,0,0,1,12,0,0,1,12
Maisonsept Oran,0,0,0,0,1,12,0,0,1,12
Melonge,0,0,0,0,1,12,0,0,1,12
Nacer Fast Food,0,0,0,0,1,12,0,0,1,12
Piatto,0,0,0,0,1,12,0,0,1,12
Raclitta,0,0,0,0,1,12,0,0,1,12
Quesadillasbk,0,0,1,11,0,0,0,0,1,11
Bonsairestaurant,0,0,1,10,0,0,0,0,1,10
Chaway Zaimm,0,0,1,10,0,0,0,0,1,10
Mbfooddz,0,0,0,0,1,10,0,0,1,10
Skyistanbuldz,0,0,0,0,1,10,0,0,1,10
Tastino7,0,0,0,0,1,10,0,0,1,10
Turtles Snack,0,0,0,0,1,10,0,0,1,10
Za Eat,0,0,1,10,0,0,0,0,1,10
Magnolia,0,0,1,7,1,2,0,0,2,9
Bigmamaconstantine,0,0,0,0,1,9,0,0,1,9
Differencefood,0,0,0,0,1,9,0,0,1,9
Express Sandwish,0,0,0,0,1,9,0,0,1,9
Flamingo,0,0,0,0,1,9,0,0,1,9
Fritecorner,0,0,0,0,1,9,0,0,1,9
Jungle Alger,0,0,0,0,1,9,0,0,1,9
Naps Oran,0,0,0,0,1,9,0,0,1,9
Neuf Food,0,0,0,0,1,9,0,0,1,9
Yaamy Test,0,0,0,0,1,9,0,0,1,9
Aminakai09,0,0,0,0,1,8,0,0,1,8
Bamboo Annaba,0,0,0,0,1,8,0,0,1,8
Chocolate Sarayi Algeria,0,0,1,8,0,0,0,0,1,8
Fondue 3Formages,0,0,0,0,1,8,0,0,1,8
Madisushioran,0,0,1,8,0,0,0,0,1,8
Mister N Alger,0,0,0,0,1,8,0,0,1,8
Said Chef,0,0,0,0,1,8,0,0,1,8
Saikosushi Oran,0,0,1,8,0,0,0,0,1,8
Sushiima,0,0,1,8,0,0,0,0,1,8
Taste Of India,0,0,0,0,1,8,0,0,1,8
Atlas Immo Annaba,0,0,0,0,1,7,0,0,1,7
Aymen Woody,0,0,0,0,1,7,0,0,1,7
Beef Cote,0,0,0,0,1,7,0,0,1,7
Cuisineofalgeria,0,0,0,0,1,7,0,0,1,7
Favelas Burgers,0,0,0,0,1,7,0,0,1,7
Khiteelrouh,0,0,0,0,1,7,0,0,1,7
Lepalace1,0,0,0,0,1,7,0,0,1,7
Mugi Burger,0,0,0,0,1,7,0,0,1,7
Rosa Astuce,0,0,0,0,1,7,0,0,1,7
Salimel9Obtan,0,0,0,0,1,7,0,0,1,7
Citoyennedumondedz,0,0,0,0,1,6,0,0,1,6
Dar Zellige Hydra,0,0,0,0,1,6,0,0,1,6
El Quina,0,0,0,0,1,6,0,0,1,6
Jnina Concept,0,0,0,0,1,6,0,0,1,6
Khayma Naqa,0,0,0,0,1,6,0,0,1,6
Leguidemichemiche,0,0,0,0,1,6,0,0,1,6
Luppinio,0,0,0,0,1,6,0,0,1,6
Nutellahouse15,0,0,1,6,0,0,0,0,1,6
Obaidafood1,0,0,0,0,1,6,0,0,1,6
Tastycroustydz15,0,0,0,0,1,6,0,0,1,6
Beitdh,0,0,0,0,1,5,0,0,1,5
Kokoriko,0,0,0,0,1,5,0,0,1,5
Lauthentic Oran,0,0,0,0,1,5,0,0,1,5
